sample	StudyFirstAuthor	cell_type	Approach	Description	SRA_accession	Platform	R1_link	R2_link	R1	R2	STARGenomeName	Strandedness	Aligner	Library_Layout
SRR4081246	Colombo	HeLa	NMDInhibition	siRNA SMG6, SMG7	SRR4081246	ILLUMINA	ftp://ftp.sra.ebi.ac.uk/vol1/fastq/SRR408/006/SRR4081246/SRR4081246.fastq.gz	NA	NA	NA	GRCh38_GencodeRelease44Comprehensive	U	STAR	SINGLE
SRR4081247	Colombo	HeLa	NMDInhibition	siRNA SMG6, SMG7	SRR4081247	ILLUMINA	ftp://ftp.sra.ebi.ac.uk/vol1/fastq/SRR408/007/SRR4081247/SRR4081247.fastq.gz	NA	NA	NA	GRCh38_GencodeRelease44Comprehensive	U	STAR	SINGLE
SRR4081248	Colombo	HeLa	NMDInhibition	siRNA SMG6, SMG7	SRR4081248	ILLUMINA	ftp://ftp.sra.ebi.ac.uk/vol1/fastq/SRR408/008/SRR4081248/SRR4081248.fastq.gz	NA	NA	NA	GRCh38_GencodeRelease44Comprehensive	U	STAR	SINGLE
SRR4081225	Colombo	HeLa	NMDInhibition	siRNA UPF1	SRR4081225	ILLUMINA	ftp://ftp.sra.ebi.ac.uk/vol1/fastq/SRR408/005/SRR4081225/SRR4081225.fastq.gz	NA	NA	NA	GRCh38_GencodeRelease44Comprehensive	U	STAR	SINGLE
SRR4081226	Colombo	HeLa	NMDInhibition	siRNA UPF1	SRR4081226	ILLUMINA	ftp://ftp.sra.ebi.ac.uk/vol1/fastq/SRR408/006/SRR4081226/SRR4081226.fastq.gz	NA	NA	NA	GRCh38_GencodeRelease44Comprehensive	U	STAR	SINGLE
SRR4081227	Colombo	HeLa	NMDInhibition	siRNA UPF1	SRR4081227	ILLUMINA	ftp://ftp.sra.ebi.ac.uk/vol1/fastq/SRR408/007/SRR4081227/SRR4081227.fastq.gz	NA	NA	NA	GRCh38_GencodeRelease44Comprehensive	U	STAR	SINGLE
SRR4081222	Colombo	HeLa	NMDInhibition	siRNA scramble	SRR4081222	ILLUMINA	ftp://ftp.sra.ebi.ac.uk/vol1/fastq/SRR408/002/SRR4081222/SRR4081222.fastq.gz	NA	NA	NA	GRCh38_GencodeRelease44Comprehensive	U	STAR	SINGLE
SRR4081223	Colombo	HeLa	NMDInhibition	siRNA scramble	SRR4081223	ILLUMINA	ftp://ftp.sra.ebi.ac.uk/vol1/fastq/SRR408/003/SRR4081223/SRR4081223.fastq.gz	NA	NA	NA	GRCh38_GencodeRelease44Comprehensive	U	STAR	SINGLE
SRR4081224	Colombo	HeLa	NMDInhibition	siRNA scramble	SRR4081224	ILLUMINA	ftp://ftp.sra.ebi.ac.uk/vol1/fastq/SRR408/004/SRR4081224/SRR4081224.fastq.gz	NA	NA	NA	GRCh38_GencodeRelease44Comprehensive	U	STAR	SINGLE
SRR4081237	Colombo	HeLa	NMDInhibition	siRNA scramble	SRR4081237	ILLUMINA	ftp://ftp.sra.ebi.ac.uk/vol1/fastq/SRR408/007/SRR4081237/SRR4081237.fastq.gz	NA	NA	NA	GRCh38_GencodeRelease44Comprehensive	U	STAR	SINGLE
SRR4081238	Colombo	HeLa	NMDInhibition	siRNA scramble	SRR4081238	ILLUMINA	ftp://ftp.sra.ebi.ac.uk/vol1/fastq/SRR408/008/SRR4081238/SRR4081238.fastq.gz	NA	NA	NA	GRCh38_GencodeRelease44Comprehensive	U	STAR	SINGLE
SRR4081239	Colombo	HeLa	NMDInhibition	siRNA scramble	SRR4081239	ILLUMINA	ftp://ftp.sra.ebi.ac.uk/vol1/fastq/SRR408/009/SRR4081239/SRR4081239.fastq.gz	NA	NA	NA	GRCh38_GencodeRelease44Comprehensive	U	STAR	SINGLE
SRR2313096	Darman	NALM6	NMDInhibition	Cyclohexamide	SRR2313096	ILLUMINA	ftp://ftp.sra.ebi.ac.uk/vol1/fastq/SRR231/006/SRR2313096/SRR2313096_1.fastq.gz	ftp://ftp.sra.ebi.ac.uk/vol1/fastq/SRR231/006/SRR2313096/SRR2313096_2.fastq.gz	NA	NA	GRCh38_GencodeRelease44Comprehensive	U	STAR	PAIRED
SRR2313097	Darman	NALM6	NMDInhibition	Cyclohexamide	SRR2313097	ILLUMINA	ftp://ftp.sra.ebi.ac.uk/vol1/fastq/SRR231/007/SRR2313097/SRR2313097_1.fastq.gz	ftp://ftp.sra.ebi.ac.uk/vol1/fastq/SRR231/007/SRR2313097/SRR2313097_2.fastq.gz	NA	NA	GRCh38_GencodeRelease44Comprehensive	U	STAR	PAIRED
SRR2313098	Darman	NALM6	NMDInhibition	Cyclohexamide	SRR2313098	ILLUMINA	ftp://ftp.sra.ebi.ac.uk/vol1/fastq/SRR231/008/SRR2313098/SRR2313098_1.fastq.gz	ftp://ftp.sra.ebi.ac.uk/vol1/fastq/SRR231/008/SRR2313098/SRR2313098_2.fastq.gz	NA	NA	GRCh38_GencodeRelease44Comprehensive	U	STAR	PAIRED
SRR2313090	Darman	NALM6	NMDInhibition	DMSO	SRR2313090	ILLUMINA	ftp://ftp.sra.ebi.ac.uk/vol1/fastq/SRR231/000/SRR2313090/SRR2313090_1.fastq.gz	ftp://ftp.sra.ebi.ac.uk/vol1/fastq/SRR231/000/SRR2313090/SRR2313090_2.fastq.gz	NA	NA	GRCh38_GencodeRelease44Comprehensive	U	STAR	PAIRED
SRR2313091	Darman	NALM6	NMDInhibition	DMSO	SRR2313091	ILLUMINA	ftp://ftp.sra.ebi.ac.uk/vol1/fastq/SRR231/001/SRR2313091/SRR2313091_1.fastq.gz	ftp://ftp.sra.ebi.ac.uk/vol1/fastq/SRR231/001/SRR2313091/SRR2313091_2.fastq.gz	NA	NA	GRCh38_GencodeRelease44Comprehensive	U	STAR	PAIRED
SRR2313092	Darman	NALM6	NMDInhibition	DMSO	SRR2313092	ILLUMINA	ftp://ftp.sra.ebi.ac.uk/vol1/fastq/SRR231/002/SRR2313092/SRR2313092_1.fastq.gz	ftp://ftp.sra.ebi.ac.uk/vol1/fastq/SRR231/002/SRR2313092/SRR2313092_2.fastq.gz	NA	NA	GRCh38_GencodeRelease44Comprehensive	U	STAR	PAIRED
ERR5880584	Karousis	HeLa	NMDInhibition	siRNA SMG6, SMG7	ERR5880584	OXFORD_NANOPORE	ftp://ftp.sra.ebi.ac.uk/vol1/fastq/ERR588/004/ERR5880584/ERR5880584.fastq.gz	NA	NA	NA	GRCh38_GencodeRelease44Comprehensive	U	minimap2	SINGLE
ERR5880586	Karousis	HeLa	NMDInhibition	siRNA UPF1	ERR5880586	OXFORD_NANOPORE	ftp://ftp.sra.ebi.ac.uk/vol1/fastq/ERR588/006/ERR5880586/ERR5880586.fastq.gz	NA	NA	NA	GRCh38_GencodeRelease44Comprehensive	U	minimap2	SINGLE
ERR5880581	Karousis	HeLa	NMDInhibition	siRNA scramble	ERR5880581	OXFORD_NANOPORE	ftp://ftp.sra.ebi.ac.uk/vol1/fastq/ERR588/001/ERR5880581/ERR5880581.fastq.gz	NA	NA	NA	GRCh38_GencodeRelease44Comprehensive	U	minimap2	SINGLE
ERR5880582	Karousis	HeLa	NMDInhibition	siRNA scramble	ERR5880582	OXFORD_NANOPORE	ftp://ftp.sra.ebi.ac.uk/vol1/fastq/ERR588/002/ERR5880582/ERR5880582.fastq.gz	NA	NA	NA	GRCh38_GencodeRelease44Comprehensive	U	minimap2	SINGLE
NA18486_naRNAseq	Fair	LCL	NuclearFractionation	naRNAseq	NA	ILLUMINA	NA	NA	/cds/yangili1/bjf79/Fastq/20220218_chRNAseq_NovaSeq/YLi-BF1-C04_S28_R1_001.fastq.gz	/cds/yangili1/bjf79/Fastq/20220218_chRNAseq_NovaSeq/YLi-BF1-C04_S28_R2_001.fastq.gz	GRCh38_GencodeRelease44Comprehensive	U	STAR	PAIRED
NA18498_naRNAseq	Fair	LCL	NuclearFractionation	naRNAseq	NA	ILLUMINA	NA	NA	/cds/yangili1/bjf79/Fastq/20220218_chRNAseq_NovaSeq/YLi-BF1-D11_S47_R1_001.fastq.gz	/cds/yangili1/bjf79/Fastq/20220218_chRNAseq_NovaSeq/YLi-BF1-D11_S47_R2_001.fastq.gz	GRCh38_GencodeRelease44Comprehensive	U	STAR	PAIRED
NA18499_naRNAseq	Fair	LCL	NuclearFractionation	naRNAseq	NA	ILLUMINA	NA	NA	/cds/yangili1/bjf79/Fastq/20220218_chRNAseq_NovaSeq/YLi-BF1-C05_S29_R1_001.fastq.gz	/cds/yangili1/bjf79/Fastq/20220218_chRNAseq_NovaSeq/YLi-BF1-C05_S29_R2_001.fastq.gz	GRCh38_GencodeRelease44Comprehensive	U	STAR	PAIRED
NA18502_naRNAseq	Fair	LCL	NuclearFractionation	naRNAseq	NA	ILLUMINA	NA	NA	/cds/yangili1/bjf79/Fastq/20220218_chRNAseq_NovaSeq/YLi-BF1-F01_S61_R1_001.fastq.gz	/cds/yangili1/bjf79/Fastq/20220218_chRNAseq_NovaSeq/YLi-BF1-F01_S61_R2_001.fastq.gz	GRCh38_GencodeRelease44Comprehensive	U	STAR	PAIRED
NA18505_naRNAseq	Fair	LCL	NuclearFractionation	naRNAseq	NA	ILLUMINA	NA	NA	/cds/yangili1/bjf79/Fastq/20220218_chRNAseq_NovaSeq/YLi-BF1-C10_S34_R1_001.fastq.gz	/cds/yangili1/bjf79/Fastq/20220218_chRNAseq_NovaSeq/YLi-BF1-C10_S34_R2_001.fastq.gz	GRCh38_GencodeRelease44Comprehensive	U	STAR	PAIRED
NA18508_naRNAseq	Fair	LCL	NuclearFractionation	naRNAseq	NA	ILLUMINA	NA	NA	/cds/yangili1/bjf79/Fastq/20220218_chRNAseq_NovaSeq/YLi-BF1-C11_S35_R1_001.fastq.gz	/cds/yangili1/bjf79/Fastq/20220218_chRNAseq_NovaSeq/YLi-BF1-C11_S35_R2_001.fastq.gz	GRCh38_GencodeRelease44Comprehensive	U	STAR	PAIRED
NA18510_naRNAseq	Fair	LCL	NuclearFractionation	naRNAseq	NA	ILLUMINA	NA	NA	/cds/yangili1/bjf79/Fastq/20220218_chRNAseq_NovaSeq/YLi-BF1-E10_S58_R1_001.fastq.gz	/cds/yangili1/bjf79/Fastq/20220218_chRNAseq_NovaSeq/YLi-BF1-E10_S58_R2_001.fastq.gz	GRCh38_GencodeRelease44Comprehensive	U	STAR	PAIRED
NA18511_naRNAseq	Fair	LCL	NuclearFractionation	naRNAseq	NA	ILLUMINA	NA	NA	/cds/yangili1/bjf79/Fastq/20220218_chRNAseq_NovaSeq/YLi-BF1-B04_S16_R1_001.fastq.gz	/cds/yangili1/bjf79/Fastq/20220218_chRNAseq_NovaSeq/YLi-BF1-B04_S16_R2_001.fastq.gz	GRCh38_GencodeRelease44Comprehensive	U	STAR	PAIRED
NA18519_naRNAseq	Fair	LCL	NuclearFractionation	naRNAseq	NA	ILLUMINA	NA	NA	/cds/yangili1/bjf79/Fastq/20220218_chRNAseq_NovaSeq/YLi-BF1-B02_S14_R1_001.fastq.gz	/cds/yangili1/bjf79/Fastq/20220218_chRNAseq_NovaSeq/YLi-BF1-B02_S14_R2_001.fastq.gz	GRCh38_GencodeRelease44Comprehensive	U	STAR	PAIRED
NA18520_naRNAseq	Fair	LCL	NuclearFractionation	naRNAseq	NA	ILLUMINA	NA	NA	/cds/yangili1/bjf79/Fastq/20220218_chRNAseq_NovaSeq/YLi-BF1-D03_S39_R1_001.fastq.gz	/cds/yangili1/bjf79/Fastq/20220218_chRNAseq_NovaSeq/YLi-BF1-D03_S39_R2_001.fastq.gz	GRCh38_GencodeRelease44Comprehensive	U	STAR	PAIRED
NA18858_naRNAseq	Fair	LCL	NuclearFractionation	naRNAseq	NA	ILLUMINA	NA	NA	/cds/yangili1/bjf79/Fastq/20220218_chRNAseq_NovaSeq/YLi-BF1-B05_S17_R1_001.fastq.gz	/cds/yangili1/bjf79/Fastq/20220218_chRNAseq_NovaSeq/YLi-BF1-B05_S17_R2_001.fastq.gz	GRCh38_GencodeRelease44Comprehensive	U	STAR	PAIRED
NA18867_naRNAseq	Fair	LCL	NuclearFractionation	naRNAseq	NA	ILLUMINA	NA	NA	/cds/yangili1/bjf79/Fastq/20220218_chRNAseq_NovaSeq/YLi-BF1-F11_S71_R1_001.fastq.gz	/cds/yangili1/bjf79/Fastq/20220218_chRNAseq_NovaSeq/YLi-BF1-F11_S71_R2_001.fastq.gz	GRCh38_GencodeRelease44Comprehensive	U	STAR	PAIRED
NA18868_naRNAseq	Fair	LCL	NuclearFractionation	naRNAseq	NA	ILLUMINA	NA	NA	/cds/yangili1/bjf79/Fastq/20220218_chRNAseq_NovaSeq/YLi-BF1-G11_S83_R1_001.fastq.gz	/cds/yangili1/bjf79/Fastq/20220218_chRNAseq_NovaSeq/YLi-BF1-G11_S83_R2_001.fastq.gz	GRCh38_GencodeRelease44Comprehensive	U	STAR	PAIRED
NA18870_naRNAseq	Fair	LCL	NuclearFractionation	naRNAseq	NA	ILLUMINA	NA	NA	/cds/yangili1/bjf79/Fastq/20220218_chRNAseq_NovaSeq/YLi-BF1-H01_S85_R1_001.fastq.gz	/cds/yangili1/bjf79/Fastq/20220218_chRNAseq_NovaSeq/YLi-BF1-H01_S85_R2_001.fastq.gz	GRCh38_GencodeRelease44Comprehensive	U	STAR	PAIRED
NA18909_naRNAseq	Fair	LCL	NuclearFractionation	naRNAseq	NA	ILLUMINA	NA	NA	/cds/yangili1/bjf79/Fastq/20220218_chRNAseq_NovaSeq/YLi-BF1-A10_S10_R1_001.fastq.gz	/cds/yangili1/bjf79/Fastq/20220218_chRNAseq_NovaSeq/YLi-BF1-A10_S10_R2_001.fastq.gz	GRCh38_GencodeRelease44Comprehensive	U	STAR	PAIRED
NA18910_naRNAseq	Fair	LCL	NuclearFractionation	naRNAseq	NA	ILLUMINA	NA	NA	/cds/yangili1/bjf79/Fastq/20220218_chRNAseq_NovaSeq/YLi-BF1-H03_S87_R1_001.fastq.gz	/cds/yangili1/bjf79/Fastq/20220218_chRNAseq_NovaSeq/YLi-BF1-H03_S87_R2_001.fastq.gz	GRCh38_GencodeRelease44Comprehensive	U	STAR	PAIRED
NA18917_naRNAseq	Fair	LCL	NuclearFractionation	naRNAseq	NA	ILLUMINA	NA	NA	/cds/yangili1/bjf79/Fastq/20220218_chRNAseq_NovaSeq/YLi-BF1-F08_S68_R1_001.fastq.gz	/cds/yangili1/bjf79/Fastq/20220218_chRNAseq_NovaSeq/YLi-BF1-F08_S68_R2_001.fastq.gz	GRCh38_GencodeRelease44Comprehensive	U	STAR	PAIRED
NA18923_naRNAseq	Fair	LCL	NuclearFractionation	naRNAseq	NA	ILLUMINA	NA	NA	/cds/yangili1/bjf79/Fastq/20220218_chRNAseq_NovaSeq/YLi-BF1-F06_S66_R1_001.fastq.gz	/cds/yangili1/bjf79/Fastq/20220218_chRNAseq_NovaSeq/YLi-BF1-F06_S66_R2_001.fastq.gz	GRCh38_GencodeRelease44Comprehensive	U	STAR	PAIRED
NA18934_naRNAseq	Fair	LCL	NuclearFractionation	naRNAseq	NA	ILLUMINA	NA	NA	/cds/yangili1/bjf79/Fastq/20220218_chRNAseq_NovaSeq/YLi-BF1-F07_S67_R1_001.fastq.gz	/cds/yangili1/bjf79/Fastq/20220218_chRNAseq_NovaSeq/YLi-BF1-F07_S67_R2_001.fastq.gz	GRCh38_GencodeRelease44Comprehensive	U	STAR	PAIRED
NA19092_naRNAseq	Fair	LCL	NuclearFractionation	naRNAseq	NA	ILLUMINA	NA	NA	/cds/yangili1/bjf79/Fastq/20220218_chRNAseq_NovaSeq/YLi-BF1-A07_S7_R1_001.fastq.gz	/cds/yangili1/bjf79/Fastq/20220218_chRNAseq_NovaSeq/YLi-BF1-A07_S7_R2_001.fastq.gz	GRCh38_GencodeRelease44Comprehensive	U	STAR	PAIRED
NA19093_naRNAseq	Fair	LCL	NuclearFractionation	naRNAseq	NA	ILLUMINA	NA	NA	/cds/yangili1/bjf79/Fastq/20220218_chRNAseq_NovaSeq/YLi-BF1-B09_S21_R1_001.fastq.gz	/cds/yangili1/bjf79/Fastq/20220218_chRNAseq_NovaSeq/YLi-BF1-B09_S21_R2_001.fastq.gz	GRCh38_GencodeRelease44Comprehensive	U	STAR	PAIRED
NA19095_naRNAseq	Fair	LCL	NuclearFractionation	naRNAseq	NA	ILLUMINA	NA	NA	/cds/yangili1/bjf79/Fastq/20220218_chRNAseq_NovaSeq/YLi-BF1-G07_S79_R1_001.fastq.gz	/cds/yangili1/bjf79/Fastq/20220218_chRNAseq_NovaSeq/YLi-BF1-G07_S79_R2_001.fastq.gz	GRCh38_GencodeRelease44Comprehensive	U	STAR	PAIRED
NA19096_naRNAseq	Fair	LCL	NuclearFractionation	naRNAseq	NA	ILLUMINA	NA	NA	/cds/yangili1/bjf79/Fastq/20220218_chRNAseq_NovaSeq/YLi-BF1-E03_S51_R1_001.fastq.gz	/cds/yangili1/bjf79/Fastq/20220218_chRNAseq_NovaSeq/YLi-BF1-E03_S51_R2_001.fastq.gz	GRCh38_GencodeRelease44Comprehensive	U	STAR	PAIRED
NA19098_naRNAseq	Fair	LCL	NuclearFractionation	naRNAseq	NA	ILLUMINA	NA	NA	/cds/yangili1/bjf79/Fastq/20220218_chRNAseq_NovaSeq/YLi-BF1-H07_S91_R1_001.fastq.gz	/cds/yangili1/bjf79/Fastq/20220218_chRNAseq_NovaSeq/YLi-BF1-H07_S91_R2_001.fastq.gz	GRCh38_GencodeRelease44Comprehensive	U	STAR	PAIRED
NA19099_naRNAseq	Fair	LCL	NuclearFractionation	naRNAseq	NA	ILLUMINA	NA	NA	/cds/yangili1/bjf79/Fastq/20220218_chRNAseq_NovaSeq/YLi-BF1-B10_S22_R1_001.fastq.gz	/cds/yangili1/bjf79/Fastq/20220218_chRNAseq_NovaSeq/YLi-BF1-B10_S22_R2_001.fastq.gz	GRCh38_GencodeRelease44Comprehensive	U	STAR	PAIRED
NA19102_naRNAseq	Fair	LCL	NuclearFractionation	naRNAseq	NA	ILLUMINA	NA	NA	/cds/yangili1/bjf79/Fastq/20220218_chRNAseq_NovaSeq/YLi-BF1-B11_S23_R1_001.fastq.gz	/cds/yangili1/bjf79/Fastq/20220218_chRNAseq_NovaSeq/YLi-BF1-B11_S23_R2_001.fastq.gz	GRCh38_GencodeRelease44Comprehensive	U	STAR	PAIRED
NA19107_naRNAseq	Fair	LCL	NuclearFractionation	naRNAseq	NA	ILLUMINA	NA	NA	/cds/yangili1/bjf79/Fastq/20220218_chRNAseq_NovaSeq/YLi-BF1-H10_S94_R1_001.fastq.gz	/cds/yangili1/bjf79/Fastq/20220218_chRNAseq_NovaSeq/YLi-BF1-H10_S94_R2_001.fastq.gz	GRCh38_GencodeRelease44Comprehensive	U	STAR	PAIRED
NA19108_naRNAseq	Fair	LCL	NuclearFractionation	naRNAseq	NA	ILLUMINA	NA	NA	/cds/yangili1/bjf79/Fastq/20220218_chRNAseq_NovaSeq/YLi-BF1-E05_S53_R1_001.fastq.gz	/cds/yangili1/bjf79/Fastq/20220218_chRNAseq_NovaSeq/YLi-BF1-E05_S53_R2_001.fastq.gz	GRCh38_GencodeRelease44Comprehensive	U	STAR	PAIRED
NA19114_naRNAseq	Fair	LCL	NuclearFractionation	naRNAseq	NA	ILLUMINA	NA	NA	/cds/yangili1/bjf79/Fastq/20220218_chRNAseq_NovaSeq/YLi-BF1-B12_S24_R1_001.fastq.gz	/cds/yangili1/bjf79/Fastq/20220218_chRNAseq_NovaSeq/YLi-BF1-B12_S24_R2_001.fastq.gz	GRCh38_GencodeRelease44Comprehensive	U	STAR	PAIRED
NA19117_naRNAseq	Fair	LCL	NuclearFractionation	naRNAseq	NA	ILLUMINA	NA	NA	/cds/yangili1/bjf79/Fastq/20220218_chRNAseq_NovaSeq/YLi-BF1-F03_S63_R1_001.fastq.gz	/cds/yangili1/bjf79/Fastq/20220218_chRNAseq_NovaSeq/YLi-BF1-F03_S63_R2_001.fastq.gz	GRCh38_GencodeRelease44Comprehensive	U	STAR	PAIRED
NA19118_naRNAseq	Fair	LCL	NuclearFractionation	naRNAseq	NA	ILLUMINA	NA	NA	/cds/yangili1/bjf79/Fastq/20220218_chRNAseq_NovaSeq/YLi-BF1-H11_S95_R1_001.fastq.gz	/cds/yangili1/bjf79/Fastq/20220218_chRNAseq_NovaSeq/YLi-BF1-H11_S95_R2_001.fastq.gz	GRCh38_GencodeRelease44Comprehensive	U	STAR	PAIRED
NA19119_naRNAseq	Fair	LCL	NuclearFractionation	naRNAseq	NA	ILLUMINA	NA	NA	/cds/yangili1/bjf79/Fastq/20220218_chRNAseq_NovaSeq/YLi-BF1-A09_S9_R1_001.fastq.gz	/cds/yangili1/bjf79/Fastq/20220218_chRNAseq_NovaSeq/YLi-BF1-A09_S9_R2_001.fastq.gz	GRCh38_GencodeRelease44Comprehensive	U	STAR	PAIRED
NA19121_naRNAseq	Fair	LCL	NuclearFractionation	naRNAseq	NA	ILLUMINA	NA	NA	/cds/yangili1/bjf79/Fastq/20220218_chRNAseq_NovaSeq/YLi-BF1-H09_S93_R1_001.fastq.gz	/cds/yangili1/bjf79/Fastq/20220218_chRNAseq_NovaSeq/YLi-BF1-H09_S93_R2_001.fastq.gz	GRCh38_GencodeRelease44Comprehensive	U	STAR	PAIRED
NA19130_naRNAseq	Fair	LCL	NuclearFractionation	naRNAseq	NA	ILLUMINA	NA	NA	/cds/yangili1/bjf79/Fastq/20220218_chRNAseq_NovaSeq/YLi-BF1-B01_S13_R1_001.fastq.gz	/cds/yangili1/bjf79/Fastq/20220218_chRNAseq_NovaSeq/YLi-BF1-B01_S13_R2_001.fastq.gz	GRCh38_GencodeRelease44Comprehensive	U	STAR	PAIRED
NA19131_naRNAseq	Fair	LCL	NuclearFractionation	naRNAseq	NA	ILLUMINA	NA	NA	/cds/yangili1/bjf79/Fastq/20220218_chRNAseq_NovaSeq/YLi-BF1-A12_S12_R1_001.fastq.gz	/cds/yangili1/bjf79/Fastq/20220218_chRNAseq_NovaSeq/YLi-BF1-A12_S12_R2_001.fastq.gz	GRCh38_GencodeRelease44Comprehensive	U	STAR	PAIRED
NA19137_naRNAseq	Fair	LCL	NuclearFractionation	naRNAseq	NA	ILLUMINA	NA	NA	/cds/yangili1/bjf79/Fastq/20220218_chRNAseq_NovaSeq/YLi-BF1-A01_S1_R1_001.fastq.gz	/cds/yangili1/bjf79/Fastq/20220218_chRNAseq_NovaSeq/YLi-BF1-A01_S1_R2_001.fastq.gz	GRCh38_GencodeRelease44Comprehensive	U	STAR	PAIRED
NA19138_naRNAseq	Fair	LCL	NuclearFractionation	naRNAseq	NA	ILLUMINA	NA	NA	/cds/yangili1/bjf79/Fastq/20220218_chRNAseq_NovaSeq/YLi-BF1-B06_S18_R1_001.fastq.gz	/cds/yangili1/bjf79/Fastq/20220218_chRNAseq_NovaSeq/YLi-BF1-B06_S18_R2_001.fastq.gz	GRCh38_GencodeRelease44Comprehensive	U	STAR	PAIRED
NA19141_naRNAseq	Fair	LCL	NuclearFractionation	naRNAseq	NA	ILLUMINA	NA	NA	/cds/yangili1/bjf79/Fastq/20220218_chRNAseq_NovaSeq/YLi-BF1-H06_S90_R1_001.fastq.gz	/cds/yangili1/bjf79/Fastq/20220218_chRNAseq_NovaSeq/YLi-BF1-H06_S90_R2_001.fastq.gz	GRCh38_GencodeRelease44Comprehensive	U	STAR	PAIRED
NA19143_naRNAseq	Fair	LCL	NuclearFractionation	naRNAseq	NA	ILLUMINA	NA	NA	/cds/yangili1/bjf79/Fastq/20220218_chRNAseq_NovaSeq/YLi-BF1-H12_S96_R1_001.fastq.gz	/cds/yangili1/bjf79/Fastq/20220218_chRNAseq_NovaSeq/YLi-BF1-H12_S96_R2_001.fastq.gz	GRCh38_GencodeRelease44Comprehensive	U	STAR	PAIRED
NA19146_naRNAseq	Fair	LCL	NuclearFractionation	naRNAseq	NA	ILLUMINA	NA	NA	/cds/yangili1/bjf79/Fastq/20220218_chRNAseq_NovaSeq/YLi-BF1-E01_S49_R1_001.fastq.gz	/cds/yangili1/bjf79/Fastq/20220218_chRNAseq_NovaSeq/YLi-BF1-E01_S49_R2_001.fastq.gz	GRCh38_GencodeRelease44Comprehensive	U	STAR	PAIRED
NA19147_naRNAseq	Fair	LCL	NuclearFractionation	naRNAseq	NA	ILLUMINA	NA	NA	/cds/yangili1/bjf79/Fastq/20220218_chRNAseq_NovaSeq/YLi-BF1-E11_S59_R1_001.fastq.gz	/cds/yangili1/bjf79/Fastq/20220218_chRNAseq_NovaSeq/YLi-BF1-E11_S59_R2_001.fastq.gz	GRCh38_GencodeRelease44Comprehensive	U	STAR	PAIRED
NA19150_naRNAseq	Fair	LCL	NuclearFractionation	naRNAseq	NA	ILLUMINA	NA	NA	/cds/yangili1/bjf79/Fastq/20220218_chRNAseq_NovaSeq/YLi-BF1-E02_S50_R1_001.fastq.gz	/cds/yangili1/bjf79/Fastq/20220218_chRNAseq_NovaSeq/YLi-BF1-E02_S50_R2_001.fastq.gz	GRCh38_GencodeRelease44Comprehensive	U	STAR	PAIRED
NA19152_naRNAseq	Fair	LCL	NuclearFractionation	naRNAseq	NA	ILLUMINA	NA	NA	/cds/yangili1/bjf79/Fastq/20220218_chRNAseq_NovaSeq/YLi-BF1-A02_S2_R1_001.fastq.gz	/cds/yangili1/bjf79/Fastq/20220218_chRNAseq_NovaSeq/YLi-BF1-A02_S2_R2_001.fastq.gz	GRCh38_GencodeRelease44Comprehensive	U	STAR	PAIRED
NA19153_naRNAseq	Fair	LCL	NuclearFractionation	naRNAseq	NA	ILLUMINA	NA	NA	/cds/yangili1/bjf79/Fastq/20220218_chRNAseq_NovaSeq/YLi-BF1-G08_S80_R1_001.fastq.gz	/cds/yangili1/bjf79/Fastq/20220218_chRNAseq_NovaSeq/YLi-BF1-G08_S80_R2_001.fastq.gz	GRCh38_GencodeRelease44Comprehensive	U	STAR	PAIRED
NA19160_naRNAseq	Fair	LCL	NuclearFractionation	naRNAseq	NA	ILLUMINA	NA	NA	/cds/yangili1/bjf79/Fastq/20220218_chRNAseq_NovaSeq/YLi-BF1-A06_S6_R1_001.fastq.gz	/cds/yangili1/bjf79/Fastq/20220218_chRNAseq_NovaSeq/YLi-BF1-A06_S6_R2_001.fastq.gz	GRCh38_GencodeRelease44Comprehensive	U	STAR	PAIRED
NA19171_naRNAseq	Fair	LCL	NuclearFractionation	naRNAseq	NA	ILLUMINA	NA	NA	/cds/yangili1/bjf79/Fastq/20220218_chRNAseq_NovaSeq/YLi-BF1-A04_S4_R1_001.fastq.gz	/cds/yangili1/bjf79/Fastq/20220218_chRNAseq_NovaSeq/YLi-BF1-A04_S4_R2_001.fastq.gz	GRCh38_GencodeRelease44Comprehensive	U	STAR	PAIRED
NA19184_naRNAseq	Fair	LCL	NuclearFractionation	naRNAseq	NA	ILLUMINA	NA	NA	/cds/yangili1/bjf79/Fastq/20220218_chRNAseq_NovaSeq/YLi-BF1-D10_S46_R1_001.fastq.gz	/cds/yangili1/bjf79/Fastq/20220218_chRNAseq_NovaSeq/YLi-BF1-D10_S46_R2_001.fastq.gz	GRCh38_GencodeRelease44Comprehensive	U	STAR	PAIRED
NA19190_naRNAseq	Fair	LCL	NuclearFractionation	naRNAseq	NA	ILLUMINA	NA	NA	/cds/yangili1/bjf79/Fastq/20220218_chRNAseq_NovaSeq/YLi-BF1-C02_S26_R1_001.fastq.gz	/cds/yangili1/bjf79/Fastq/20220218_chRNAseq_NovaSeq/YLi-BF1-C02_S26_R2_001.fastq.gz	GRCh38_GencodeRelease44Comprehensive	U	STAR	PAIRED
NA19198_naRNAseq	Fair	LCL	NuclearFractionation	naRNAseq	NA	ILLUMINA	NA	NA	/cds/yangili1/bjf79/Fastq/20220218_chRNAseq_NovaSeq/YLi-BF1-E04_S52_R1_001.fastq.gz	/cds/yangili1/bjf79/Fastq/20220218_chRNAseq_NovaSeq/YLi-BF1-E04_S52_R2_001.fastq.gz	GRCh38_GencodeRelease44Comprehensive	U	STAR	PAIRED
NA19200_naRNAseq	Fair	LCL	NuclearFractionation	naRNAseq	NA	ILLUMINA	NA	NA	/cds/yangili1/bjf79/Fastq/20220218_chRNAseq_NovaSeq/YLi-BF1-A05_S5_R1_001.fastq.gz	/cds/yangili1/bjf79/Fastq/20220218_chRNAseq_NovaSeq/YLi-BF1-A05_S5_R2_001.fastq.gz	GRCh38_GencodeRelease44Comprehensive	U	STAR	PAIRED
NA19201_naRNAseq	Fair	LCL	NuclearFractionation	naRNAseq	NA	ILLUMINA	NA	NA	/cds/yangili1/bjf79/Fastq/20220218_chRNAseq_NovaSeq/YLi-BF1-C06_S30_R1_001.fastq.gz	/cds/yangili1/bjf79/Fastq/20220218_chRNAseq_NovaSeq/YLi-BF1-C06_S30_R2_001.fastq.gz	GRCh38_GencodeRelease44Comprehensive	U	STAR	PAIRED
NA19206_naRNAseq	Fair	LCL	NuclearFractionation	naRNAseq	NA	ILLUMINA	NA	NA	/cds/yangili1/bjf79/Fastq/20220218_chRNAseq_NovaSeq/YLi-BF1-F04_S64_R1_001.fastq.gz	/cds/yangili1/bjf79/Fastq/20220218_chRNAseq_NovaSeq/YLi-BF1-F04_S64_R2_001.fastq.gz	GRCh38_GencodeRelease44Comprehensive	U	STAR	PAIRED
NA19207_naRNAseq	Fair	LCL	NuclearFractionation	naRNAseq	NA	ILLUMINA	NA	NA	/cds/yangili1/bjf79/Fastq/20220218_chRNAseq_NovaSeq/YLi-BF1-D07_S43_R1_001.fastq.gz	/cds/yangili1/bjf79/Fastq/20220218_chRNAseq_NovaSeq/YLi-BF1-D07_S43_R2_001.fastq.gz	GRCh38_GencodeRelease44Comprehensive	U	STAR	PAIRED
NA19209_naRNAseq	Fair	LCL	NuclearFractionation	naRNAseq	NA	ILLUMINA	NA	NA	/cds/yangili1/bjf79/Fastq/20220218_chRNAseq_NovaSeq/YLi-BF1-D05_S41_R1_001.fastq.gz	/cds/yangili1/bjf79/Fastq/20220218_chRNAseq_NovaSeq/YLi-BF1-D05_S41_R2_001.fastq.gz	GRCh38_GencodeRelease44Comprehensive	U	STAR	PAIRED
NA19210_naRNAseq	Fair	LCL	NuclearFractionation	naRNAseq	NA	ILLUMINA	NA	NA	/cds/yangili1/bjf79/Fastq/20220218_chRNAseq_NovaSeq/YLi-BF1-A08_S8_R1_001.fastq.gz	/cds/yangili1/bjf79/Fastq/20220218_chRNAseq_NovaSeq/YLi-BF1-A08_S8_R2_001.fastq.gz	GRCh38_GencodeRelease44Comprehensive	U	STAR	PAIRED
NA19213_naRNAseq	Fair	LCL	NuclearFractionation	naRNAseq	NA	ILLUMINA	NA	NA	/cds/yangili1/bjf79/Fastq/20220218_chRNAseq_NovaSeq/YLi-BF1-H08_S92_R1_001.fastq.gz	/cds/yangili1/bjf79/Fastq/20220218_chRNAseq_NovaSeq/YLi-BF1-H08_S92_R2_001.fastq.gz	GRCh38_GencodeRelease44Comprehensive	U	STAR	PAIRED
NA19214_naRNAseq	Fair	LCL	NuclearFractionation	naRNAseq	NA	ILLUMINA	NA	NA	/cds/yangili1/bjf79/Fastq/20220218_chRNAseq_NovaSeq/YLi-BF1-F05_S65_R1_001.fastq.gz	/cds/yangili1/bjf79/Fastq/20220218_chRNAseq_NovaSeq/YLi-BF1-F05_S65_R2_001.fastq.gz	GRCh38_GencodeRelease44Comprehensive	U	STAR	PAIRED
NA19225_naRNAseq	Fair	LCL	NuclearFractionation	naRNAseq	NA	ILLUMINA	NA	NA	/cds/yangili1/bjf79/Fastq/20220218_chRNAseq_NovaSeq/YLi-BF1-D06_S42_R1_001.fastq.gz	/cds/yangili1/bjf79/Fastq/20220218_chRNAseq_NovaSeq/YLi-BF1-D06_S42_R2_001.fastq.gz	GRCh38_GencodeRelease44Comprehensive	U	STAR	PAIRED
NA19236_naRNAseq	Fair	LCL	NuclearFractionation	naRNAseq	NA	ILLUMINA	NA	NA	/cds/yangili1/bjf79/Fastq/20220218_chRNAseq_NovaSeq/YLi-BF1-G10_S82_R1_001.fastq.gz	/cds/yangili1/bjf79/Fastq/20220218_chRNAseq_NovaSeq/YLi-BF1-G10_S82_R2_001.fastq.gz	GRCh38_GencodeRelease44Comprehensive	U	STAR	PAIRED
NA19247_naRNAseq	Fair	LCL	NuclearFractionation	naRNAseq	NA	ILLUMINA	NA	NA	/cds/yangili1/bjf79/Fastq/20220218_chRNAseq_NovaSeq/YLi-BF1-G01_S73_R1_001.fastq.gz	/cds/yangili1/bjf79/Fastq/20220218_chRNAseq_NovaSeq/YLi-BF1-G01_S73_R2_001.fastq.gz	GRCh38_GencodeRelease44Comprehensive	U	STAR	PAIRED
NA19257_naRNAseq	Fair	LCL	NuclearFractionation	naRNAseq	NA	ILLUMINA	NA	NA	/cds/yangili1/bjf79/Fastq/20220218_chRNAseq_NovaSeq/YLi-BF1-D02_S38_R1_001.fastq.gz	/cds/yangili1/bjf79/Fastq/20220218_chRNAseq_NovaSeq/YLi-BF1-D02_S38_R2_001.fastq.gz	GRCh38_GencodeRelease44Comprehensive	U	STAR	PAIRED
NA18486_SteadyStateRNAseq	GEUVADIS	LCL	NuclearFractionation	SteadyStateRNAseq	NA	ILLUMINA	ftp://ftp.sra.ebi.ac.uk/vol1/fastq/ERR188/ERR188214/ERR188214_1.fastq.gz	ftp://ftp.sra.ebi.ac.uk/vol1/fastq/ERR188/ERR188214/ERR188214_2.fastq.gz	NA	NA	GRCh38_GencodeRelease44Comprehensive	U	STAR	PAIRED
NA18498_SteadyStateRNAseq	GEUVADIS	LCL	NuclearFractionation	SteadyStateRNAseq	NA	ILLUMINA	ftp://ftp.sra.ebi.ac.uk/vol1/fastq/ERR188/ERR188044/ERR188044_1.fastq.gz	ftp://ftp.sra.ebi.ac.uk/vol1/fastq/ERR188/ERR188044/ERR188044_2.fastq.gz	NA	NA	GRCh38_GencodeRelease44Comprehensive	U	STAR	PAIRED
NA18499_SteadyStateRNAseq	GEUVADIS	LCL	NuclearFractionation	SteadyStateRNAseq	NA	ILLUMINA	ftp://ftp.sra.ebi.ac.uk/vol1/fastq/ERR188/ERR188449/ERR188449_1.fastq.gz	ftp://ftp.sra.ebi.ac.uk/vol1/fastq/ERR188/ERR188449/ERR188449_2.fastq.gz	NA	NA	GRCh38_GencodeRelease44Comprehensive	U	STAR	PAIRED
NA18502_SteadyStateRNAseq	GEUVADIS	LCL	NuclearFractionation	SteadyStateRNAseq	NA	ILLUMINA	ftp://ftp.sra.ebi.ac.uk/vol1/fastq/ERR188/ERR188158/ERR188158_1.fastq.gz	ftp://ftp.sra.ebi.ac.uk/vol1/fastq/ERR188/ERR188158/ERR188158_2.fastq.gz	NA	NA	GRCh38_GencodeRelease44Comprehensive	U	STAR	PAIRED
NA18505_SteadyStateRNAseq	GEUVADIS	LCL	NuclearFractionation	SteadyStateRNAseq	NA	ILLUMINA	ftp://ftp.sra.ebi.ac.uk/vol1/fastq/ERR188/ERR188273/ERR188273_1.fastq.gz	ftp://ftp.sra.ebi.ac.uk/vol1/fastq/ERR188/ERR188273/ERR188273_2.fastq.gz	NA	NA	GRCh38_GencodeRelease44Comprehensive	U	STAR	PAIRED
NA18508_SteadyStateRNAseq	GEUVADIS	LCL	NuclearFractionation	SteadyStateRNAseq	NA	ILLUMINA	ftp://ftp.sra.ebi.ac.uk/vol1/fastq/ERR188/ERR188162/ERR188162_1.fastq.gz	ftp://ftp.sra.ebi.ac.uk/vol1/fastq/ERR188/ERR188162/ERR188162_2.fastq.gz	NA	NA	GRCh38_GencodeRelease44Comprehensive	U	STAR	PAIRED
NA18510_SteadyStateRNAseq	GEUVADIS	LCL	NuclearFractionation	SteadyStateRNAseq	NA	ILLUMINA	ftp://ftp.sra.ebi.ac.uk/vol1/fastq/ERR188/ERR188165/ERR188165_1.fastq.gz	ftp://ftp.sra.ebi.ac.uk/vol1/fastq/ERR188/ERR188165/ERR188165_2.fastq.gz	NA	NA	GRCh38_GencodeRelease44Comprehensive	U	STAR	PAIRED
NA18511_SteadyStateRNAseq	GEUVADIS	LCL	NuclearFractionation	SteadyStateRNAseq	NA	ILLUMINA	ftp://ftp.sra.ebi.ac.uk/vol1/fastq/ERR188/ERR188097/ERR188097_1.fastq.gz	ftp://ftp.sra.ebi.ac.uk/vol1/fastq/ERR188/ERR188097/ERR188097_2.fastq.gz	NA	NA	GRCh38_GencodeRelease44Comprehensive	U	STAR	PAIRED
NA18519_SteadyStateRNAseq	GEUVADIS	LCL	NuclearFractionation	SteadyStateRNAseq	NA	ILLUMINA	ftp://ftp.sra.ebi.ac.uk/vol1/fastq/ERR188/ERR188200/ERR188200_1.fastq.gz	ftp://ftp.sra.ebi.ac.uk/vol1/fastq/ERR188/ERR188200/ERR188200_2.fastq.gz	NA	NA	GRCh38_GencodeRelease44Comprehensive	U	STAR	PAIRED
NA18520_SteadyStateRNAseq	GEUVADIS	LCL	NuclearFractionation	SteadyStateRNAseq	NA	ILLUMINA	ftp://ftp.sra.ebi.ac.uk/vol1/fastq/ERR188/ERR188085/ERR188085_1.fastq.gz	ftp://ftp.sra.ebi.ac.uk/vol1/fastq/ERR188/ERR188085/ERR188085_2.fastq.gz	NA	NA	GRCh38_GencodeRelease44Comprehensive	U	STAR	PAIRED
NA18858_SteadyStateRNAseq	GEUVADIS	LCL	NuclearFractionation	SteadyStateRNAseq	NA	ILLUMINA	ftp://ftp.sra.ebi.ac.uk/vol1/fastq/ERR188/ERR188375/ERR188375_1.fastq.gz	ftp://ftp.sra.ebi.ac.uk/vol1/fastq/ERR188/ERR188375/ERR188375_2.fastq.gz	NA	NA	GRCh38_GencodeRelease44Comprehensive	U	STAR	PAIRED
NA18867_SteadyStateRNAseq	GEUVADIS	LCL	NuclearFractionation	SteadyStateRNAseq	NA	ILLUMINA	ftp://ftp.sra.ebi.ac.uk/vol1/fastq/ERR188/ERR188298/ERR188298_1.fastq.gz	ftp://ftp.sra.ebi.ac.uk/vol1/fastq/ERR188/ERR188298/ERR188298_2.fastq.gz	NA	NA	GRCh38_GencodeRelease44Comprehensive	U	STAR	PAIRED
NA18868_SteadyStateRNAseq	GEUVADIS	LCL	NuclearFractionation	SteadyStateRNAseq	NA	ILLUMINA	ftp://ftp.sra.ebi.ac.uk/vol1/fastq/ERR188/ERR188344/ERR188344_1.fastq.gz	ftp://ftp.sra.ebi.ac.uk/vol1/fastq/ERR188/ERR188344/ERR188344_2.fastq.gz	NA	NA	GRCh38_GencodeRelease44Comprehensive	U	STAR	PAIRED
NA18870_SteadyStateRNAseq	GEUVADIS	LCL	NuclearFractionation	SteadyStateRNAseq	NA	ILLUMINA	ftp://ftp.sra.ebi.ac.uk/vol1/fastq/ERR188/ERR188373/ERR188373_1.fastq.gz	ftp://ftp.sra.ebi.ac.uk/vol1/fastq/ERR188/ERR188373/ERR188373_2.fastq.gz	NA	NA	GRCh38_GencodeRelease44Comprehensive	U	STAR	PAIRED
NA18909_SteadyStateRNAseq	GEUVADIS	LCL	NuclearFractionation	SteadyStateRNAseq	NA	ILLUMINA	ftp://ftp.sra.ebi.ac.uk/vol1/fastq/ERR188/ERR188352/ERR188352_1.fastq.gz	ftp://ftp.sra.ebi.ac.uk/vol1/fastq/ERR188/ERR188352/ERR188352_2.fastq.gz	NA	NA	GRCh38_GencodeRelease44Comprehensive	U	STAR	PAIRED
NA18910_SteadyStateRNAseq	GEUVADIS	LCL	NuclearFractionation	SteadyStateRNAseq	NA	ILLUMINA	ftp://ftp.sra.ebi.ac.uk/vol1/fastq/ERR188/ERR188442/ERR188442_1.fastq.gz	ftp://ftp.sra.ebi.ac.uk/vol1/fastq/ERR188/ERR188442/ERR188442_2.fastq.gz	NA	NA	GRCh38_GencodeRelease44Comprehensive	U	STAR	PAIRED
NA18917_SteadyStateRNAseq	GEUVADIS	LCL	NuclearFractionation	SteadyStateRNAseq	NA	ILLUMINA	ftp://ftp.sra.ebi.ac.uk/vol1/fastq/ERR188/ERR188139/ERR188139_1.fastq.gz	ftp://ftp.sra.ebi.ac.uk/vol1/fastq/ERR188/ERR188139/ERR188139_2.fastq.gz	NA	NA	GRCh38_GencodeRelease44Comprehensive	U	STAR	PAIRED
NA18923_SteadyStateRNAseq	GEUVADIS	LCL	NuclearFractionation	SteadyStateRNAseq	NA	ILLUMINA	ftp://ftp.sra.ebi.ac.uk/vol1/fastq/ERR188/ERR188409/ERR188409_1.fastq.gz	ftp://ftp.sra.ebi.ac.uk/vol1/fastq/ERR188/ERR188409/ERR188409_2.fastq.gz	NA	NA	GRCh38_GencodeRelease44Comprehensive	U	STAR	PAIRED
NA18934_SteadyStateRNAseq	GEUVADIS	LCL	NuclearFractionation	SteadyStateRNAseq	NA	ILLUMINA	ftp://ftp.sra.ebi.ac.uk/vol1/fastq/ERR188/ERR188447/ERR188447_1.fastq.gz	ftp://ftp.sra.ebi.ac.uk/vol1/fastq/ERR188/ERR188447/ERR188447_2.fastq.gz	NA	NA	GRCh38_GencodeRelease44Comprehensive	U	STAR	PAIRED
NA19092_SteadyStateRNAseq	GEUVADIS	LCL	NuclearFractionation	SteadyStateRNAseq	NA	ILLUMINA	ftp://ftp.sra.ebi.ac.uk/vol1/fastq/ERR188/ERR188128/ERR188128_1.fastq.gz	ftp://ftp.sra.ebi.ac.uk/vol1/fastq/ERR188/ERR188128/ERR188128_2.fastq.gz	NA	NA	GRCh38_GencodeRelease44Comprehensive	U	STAR	PAIRED
NA19093_SteadyStateRNAseq	GEUVADIS	LCL	NuclearFractionation	SteadyStateRNAseq	NA	ILLUMINA	ftp://ftp.sra.ebi.ac.uk/vol1/fastq/ERR188/ERR188476/ERR188476_1.fastq.gz	ftp://ftp.sra.ebi.ac.uk/vol1/fastq/ERR188/ERR188476/ERR188476_2.fastq.gz	NA	NA	GRCh38_GencodeRelease44Comprehensive	U	STAR	PAIRED
NA19095_SteadyStateRNAseq	GEUVADIS	LCL	NuclearFractionation	SteadyStateRNAseq	NA	ILLUMINA	ftp://ftp.sra.ebi.ac.uk/vol1/fastq/ERR188/ERR188268/ERR188268_1.fastq.gz	ftp://ftp.sra.ebi.ac.uk/vol1/fastq/ERR188/ERR188268/ERR188268_2.fastq.gz	NA	NA	GRCh38_GencodeRelease44Comprehensive	U	STAR	PAIRED
NA19096_SteadyStateRNAseq	GEUVADIS	LCL	NuclearFractionation	SteadyStateRNAseq	NA	ILLUMINA	ftp://ftp.sra.ebi.ac.uk/vol1/fastq/ERR188/ERR188069/ERR188069_1.fastq.gz	ftp://ftp.sra.ebi.ac.uk/vol1/fastq/ERR188/ERR188069/ERR188069_2.fastq.gz	NA	NA	GRCh38_GencodeRelease44Comprehensive	U	STAR	PAIRED
NA19098_SteadyStateRNAseq	GEUVADIS	LCL	NuclearFractionation	SteadyStateRNAseq	NA	ILLUMINA	ftp://ftp.sra.ebi.ac.uk/vol1/fastq/ERR188/ERR188243/ERR188243_1.fastq.gz	ftp://ftp.sra.ebi.ac.uk/vol1/fastq/ERR188/ERR188243/ERR188243_2.fastq.gz	NA	NA	GRCh38_GencodeRelease44Comprehensive	U	STAR	PAIRED
NA19099_SteadyStateRNAseq	GEUVADIS	LCL	NuclearFractionation	SteadyStateRNAseq	NA	ILLUMINA	ftp://ftp.sra.ebi.ac.uk/vol1/fastq/ERR188/ERR188188/ERR188188_1.fastq.gz	ftp://ftp.sra.ebi.ac.uk/vol1/fastq/ERR188/ERR188188/ERR188188_2.fastq.gz	NA	NA	GRCh38_GencodeRelease44Comprehensive	U	STAR	PAIRED
NA19102_SteadyStateRNAseq	GEUVADIS	LCL	NuclearFractionation	SteadyStateRNAseq	NA	ILLUMINA	ftp://ftp.sra.ebi.ac.uk/vol1/fastq/ERR188/ERR188367/ERR188367_1.fastq.gz	ftp://ftp.sra.ebi.ac.uk/vol1/fastq/ERR188/ERR188367/ERR188367_2.fastq.gz	NA	NA	GRCh38_GencodeRelease44Comprehensive	U	STAR	PAIRED
NA19107_SteadyStateRNAseq	GEUVADIS	LCL	NuclearFractionation	SteadyStateRNAseq	NA	ILLUMINA	ftp://ftp.sra.ebi.ac.uk/vol1/fastq/ERR188/ERR188423/ERR188423_1.fastq.gz	ftp://ftp.sra.ebi.ac.uk/vol1/fastq/ERR188/ERR188423/ERR188423_2.fastq.gz	NA	NA	GRCh38_GencodeRelease44Comprehensive	U	STAR	PAIRED
NA19108_SteadyStateRNAseq	GEUVADIS	LCL	NuclearFractionation	SteadyStateRNAseq	NA	ILLUMINA	ftp://ftp.sra.ebi.ac.uk/vol1/fastq/ERR188/ERR188261/ERR188261_1.fastq.gz	ftp://ftp.sra.ebi.ac.uk/vol1/fastq/ERR188/ERR188261/ERR188261_2.fastq.gz	NA	NA	GRCh38_GencodeRelease44Comprehensive	U	STAR	PAIRED
NA19114_SteadyStateRNAseq	GEUVADIS	LCL	NuclearFractionation	SteadyStateRNAseq	NA	ILLUMINA	ftp://ftp.sra.ebi.ac.uk/vol1/fastq/ERR188/ERR188178/ERR188178_1.fastq.gz	ftp://ftp.sra.ebi.ac.uk/vol1/fastq/ERR188/ERR188178/ERR188178_2.fastq.gz	NA	NA	GRCh38_GencodeRelease44Comprehensive	U	STAR	PAIRED
NA19117_SteadyStateRNAseq	GEUVADIS	LCL	NuclearFractionation	SteadyStateRNAseq	NA	ILLUMINA	ftp://ftp.sra.ebi.ac.uk/vol1/fastq/ERR188/ERR188365/ERR188365_1.fastq.gz	ftp://ftp.sra.ebi.ac.uk/vol1/fastq/ERR188/ERR188365/ERR188365_2.fastq.gz	NA	NA	GRCh38_GencodeRelease44Comprehensive	U	STAR	PAIRED
NA19118_SteadyStateRNAseq	GEUVADIS	LCL	NuclearFractionation	SteadyStateRNAseq	NA	ILLUMINA	ftp://ftp.sra.ebi.ac.uk/vol1/fastq/ERR188/ERR188066/ERR188066_1.fastq.gz	ftp://ftp.sra.ebi.ac.uk/vol1/fastq/ERR188/ERR188066/ERR188066_2.fastq.gz	NA	NA	GRCh38_GencodeRelease44Comprehensive	U	STAR	PAIRED
NA19119_SteadyStateRNAseq	GEUVADIS	LCL	NuclearFractionation	SteadyStateRNAseq	NA	ILLUMINA	ftp://ftp.sra.ebi.ac.uk/vol1/fastq/ERR188/ERR188030/ERR188030_1.fastq.gz	ftp://ftp.sra.ebi.ac.uk/vol1/fastq/ERR188/ERR188030/ERR188030_2.fastq.gz	NA	NA	GRCh38_GencodeRelease44Comprehensive	U	STAR	PAIRED
NA19121_SteadyStateRNAseq	GEUVADIS	LCL	NuclearFractionation	SteadyStateRNAseq	NA	ILLUMINA	ftp://ftp.sra.ebi.ac.uk/vol1/fastq/ERR188/ERR188109/ERR188109_1.fastq.gz	ftp://ftp.sra.ebi.ac.uk/vol1/fastq/ERR188/ERR188109/ERR188109_2.fastq.gz	NA	NA	GRCh38_GencodeRelease44Comprehensive	U	STAR	PAIRED
NA19130_SteadyStateRNAseq	GEUVADIS	LCL	NuclearFractionation	SteadyStateRNAseq	NA	ILLUMINA	ftp://ftp.sra.ebi.ac.uk/vol1/fastq/ERR188/ERR188471/ERR188471_1.fastq.gz	ftp://ftp.sra.ebi.ac.uk/vol1/fastq/ERR188/ERR188471/ERR188471_2.fastq.gz	NA	NA	GRCh38_GencodeRelease44Comprehensive	U	STAR	PAIRED
NA19131_SteadyStateRNAseq	GEUVADIS	LCL	NuclearFractionation	SteadyStateRNAseq	NA	ILLUMINA	ftp://ftp.sra.ebi.ac.uk/vol1/fastq/ERR188/ERR188170/ERR188170_1.fastq.gz	ftp://ftp.sra.ebi.ac.uk/vol1/fastq/ERR188/ERR188170/ERR188170_2.fastq.gz	NA	NA	GRCh38_GencodeRelease44Comprehensive	U	STAR	PAIRED
NA19137_SteadyStateRNAseq	GEUVADIS	LCL	NuclearFractionation	SteadyStateRNAseq	NA	ILLUMINA	ftp://ftp.sra.ebi.ac.uk/vol1/fastq/ERR188/ERR188072/ERR188072_1.fastq.gz	ftp://ftp.sra.ebi.ac.uk/vol1/fastq/ERR188/ERR188072/ERR188072_2.fastq.gz	NA	NA	GRCh38_GencodeRelease44Comprehensive	U	STAR	PAIRED
NA19138_SteadyStateRNAseq	GEUVADIS	LCL	NuclearFractionation	SteadyStateRNAseq	NA	ILLUMINA	ftp://ftp.sra.ebi.ac.uk/vol1/fastq/ERR188/ERR188306/ERR188306_1.fastq.gz	ftp://ftp.sra.ebi.ac.uk/vol1/fastq/ERR188/ERR188306/ERR188306_2.fastq.gz	NA	NA	GRCh38_GencodeRelease44Comprehensive	U	STAR	PAIRED
NA19141_SteadyStateRNAseq	GEUVADIS	LCL	NuclearFractionation	SteadyStateRNAseq	NA	ILLUMINA	ftp://ftp.sra.ebi.ac.uk/vol1/fastq/ERR188/ERR188193/ERR188193_1.fastq.gz	ftp://ftp.sra.ebi.ac.uk/vol1/fastq/ERR188/ERR188193/ERR188193_2.fastq.gz	NA	NA	GRCh38_GencodeRelease44Comprehensive	U	STAR	PAIRED
NA19143_SteadyStateRNAseq	GEUVADIS	LCL	NuclearFractionation	SteadyStateRNAseq	NA	ILLUMINA	ftp://ftp.sra.ebi.ac.uk/vol1/fastq/ERR188/ERR188459/ERR188459_1.fastq.gz	ftp://ftp.sra.ebi.ac.uk/vol1/fastq/ERR188/ERR188459/ERR188459_2.fastq.gz	NA	NA	GRCh38_GencodeRelease44Comprehensive	U	STAR	PAIRED
NA19146_SteadyStateRNAseq	GEUVADIS	LCL	NuclearFractionation	SteadyStateRNAseq	NA	ILLUMINA	ftp://ftp.sra.ebi.ac.uk/vol1/fastq/ERR188/ERR188104/ERR188104_1.fastq.gz	ftp://ftp.sra.ebi.ac.uk/vol1/fastq/ERR188/ERR188104/ERR188104_2.fastq.gz	NA	NA	GRCh38_GencodeRelease44Comprehensive	U	STAR	PAIRED
NA19147_SteadyStateRNAseq	GEUVADIS	LCL	NuclearFractionation	SteadyStateRNAseq	NA	ILLUMINA	ftp://ftp.sra.ebi.ac.uk/vol1/fastq/ERR188/ERR188184/ERR188184_1.fastq.gz	ftp://ftp.sra.ebi.ac.uk/vol1/fastq/ERR188/ERR188184/ERR188184_2.fastq.gz	NA	NA	GRCh38_GencodeRelease44Comprehensive	U	STAR	PAIRED
NA19150_SteadyStateRNAseq	GEUVADIS	LCL	NuclearFractionation	SteadyStateRNAseq	NA	ILLUMINA	ftp://ftp.sra.ebi.ac.uk/vol1/fastq/ERR188/ERR188093/ERR188093_1.fastq.gz	ftp://ftp.sra.ebi.ac.uk/vol1/fastq/ERR188/ERR188093/ERR188093_2.fastq.gz	NA	NA	GRCh38_GencodeRelease44Comprehensive	U	STAR	PAIRED
NA19152_SteadyStateRNAseq	GEUVADIS	LCL	NuclearFractionation	SteadyStateRNAseq	NA	ILLUMINA	ftp://ftp.sra.ebi.ac.uk/vol1/fastq/ERR188/ERR188225/ERR188225_1.fastq.gz	ftp://ftp.sra.ebi.ac.uk/vol1/fastq/ERR188/ERR188225/ERR188225_2.fastq.gz	NA	NA	GRCh38_GencodeRelease44Comprehensive	U	STAR	PAIRED
NA19153_SteadyStateRNAseq	GEUVADIS	LCL	NuclearFractionation	SteadyStateRNAseq	NA	ILLUMINA	ftp://ftp.sra.ebi.ac.uk/vol1/fastq/ERR188/ERR188460/ERR188460_1.fastq.gz	ftp://ftp.sra.ebi.ac.uk/vol1/fastq/ERR188/ERR188460/ERR188460_2.fastq.gz	NA	NA	GRCh38_GencodeRelease44Comprehensive	U	STAR	PAIRED
NA19160_SteadyStateRNAseq	GEUVADIS	LCL	NuclearFractionation	SteadyStateRNAseq	NA	ILLUMINA	ftp://ftp.sra.ebi.ac.uk/vol1/fastq/ERR188/ERR188232/ERR188232_1.fastq.gz	ftp://ftp.sra.ebi.ac.uk/vol1/fastq/ERR188/ERR188232/ERR188232_2.fastq.gz	NA	NA	GRCh38_GencodeRelease44Comprehensive	U	STAR	PAIRED
NA19171_SteadyStateRNAseq	GEUVADIS	LCL	NuclearFractionation	SteadyStateRNAseq	NA	ILLUMINA	ftp://ftp.sra.ebi.ac.uk/vol1/fastq/ERR188/ERR188055/ERR188055_1.fastq.gz	ftp://ftp.sra.ebi.ac.uk/vol1/fastq/ERR188/ERR188055/ERR188055_2.fastq.gz	NA	NA	GRCh38_GencodeRelease44Comprehensive	U	STAR	PAIRED
NA19184_SteadyStateRNAseq	GEUVADIS	LCL	NuclearFractionation	SteadyStateRNAseq	NA	ILLUMINA	ftp://ftp.sra.ebi.ac.uk/vol1/fastq/ERR188/ERR188103/ERR188103_1.fastq.gz	ftp://ftp.sra.ebi.ac.uk/vol1/fastq/ERR188/ERR188103/ERR188103_2.fastq.gz	NA	NA	GRCh38_GencodeRelease44Comprehensive	U	STAR	PAIRED
NA19190_SteadyStateRNAseq	GEUVADIS	LCL	NuclearFractionation	SteadyStateRNAseq	NA	ILLUMINA	ftp://ftp.sra.ebi.ac.uk/vol1/fastq/ERR188/ERR188322/ERR188322_1.fastq.gz	ftp://ftp.sra.ebi.ac.uk/vol1/fastq/ERR188/ERR188322/ERR188322_2.fastq.gz	NA	NA	GRCh38_GencodeRelease44Comprehensive	U	STAR	PAIRED
NA19198_SteadyStateRNAseq	GEUVADIS	LCL	NuclearFractionation	SteadyStateRNAseq	NA	ILLUMINA	ftp://ftp.sra.ebi.ac.uk/vol1/fastq/ERR188/ERR188174/ERR188174_1.fastq.gz	ftp://ftp.sra.ebi.ac.uk/vol1/fastq/ERR188/ERR188174/ERR188174_2.fastq.gz	NA	NA	GRCh38_GencodeRelease44Comprehensive	U	STAR	PAIRED
NA19200_SteadyStateRNAseq	GEUVADIS	LCL	NuclearFractionation	SteadyStateRNAseq	NA	ILLUMINA	ftp://ftp.sra.ebi.ac.uk/vol1/fastq/ERR188/ERR188440/ERR188440_1.fastq.gz	ftp://ftp.sra.ebi.ac.uk/vol1/fastq/ERR188/ERR188440/ERR188440_2.fastq.gz	NA	NA	GRCh38_GencodeRelease44Comprehensive	U	STAR	PAIRED
NA19201_SteadyStateRNAseq	GEUVADIS	LCL	NuclearFractionation	SteadyStateRNAseq	NA	ILLUMINA	ftp://ftp.sra.ebi.ac.uk/vol1/fastq/ERR188/ERR188275/ERR188275_1.fastq.gz	ftp://ftp.sra.ebi.ac.uk/vol1/fastq/ERR188/ERR188275/ERR188275_2.fastq.gz	NA	NA	GRCh38_GencodeRelease44Comprehensive	U	STAR	PAIRED
NA19206_SteadyStateRNAseq	GEUVADIS	LCL	NuclearFractionation	SteadyStateRNAseq	NA	ILLUMINA	ftp://ftp.sra.ebi.ac.uk/vol1/fastq/ERR188/ERR188363/ERR188363_1.fastq.gz	ftp://ftp.sra.ebi.ac.uk/vol1/fastq/ERR188/ERR188363/ERR188363_2.fastq.gz	NA	NA	GRCh38_GencodeRelease44Comprehensive	U	STAR	PAIRED
NA19207_SteadyStateRNAseq	GEUVADIS	LCL	NuclearFractionation	SteadyStateRNAseq	NA	ILLUMINA	ftp://ftp.sra.ebi.ac.uk/vol1/fastq/ERR188/ERR188454/ERR188454_1.fastq.gz	ftp://ftp.sra.ebi.ac.uk/vol1/fastq/ERR188/ERR188454/ERR188454_2.fastq.gz	NA	NA	GRCh38_GencodeRelease44Comprehensive	U	STAR	PAIRED
NA19209_SteadyStateRNAseq	GEUVADIS	LCL	NuclearFractionation	SteadyStateRNAseq	NA	ILLUMINA	ftp://ftp.sra.ebi.ac.uk/vol1/fastq/ERR188/ERR188434/ERR188434_1.fastq.gz	ftp://ftp.sra.ebi.ac.uk/vol1/fastq/ERR188/ERR188434/ERR188434_2.fastq.gz	NA	NA	GRCh38_GencodeRelease44Comprehensive	U	STAR	PAIRED
NA19210_SteadyStateRNAseq	GEUVADIS	LCL	NuclearFractionation	SteadyStateRNAseq	NA	ILLUMINA	ftp://ftp.sra.ebi.ac.uk/vol1/fastq/ERR188/ERR188392/ERR188392_1.fastq.gz	ftp://ftp.sra.ebi.ac.uk/vol1/fastq/ERR188/ERR188392/ERR188392_2.fastq.gz	NA	NA	GRCh38_GencodeRelease44Comprehensive	U	STAR	PAIRED
NA19213_SteadyStateRNAseq	GEUVADIS	LCL	NuclearFractionation	SteadyStateRNAseq	NA	ILLUMINA	ftp://ftp.sra.ebi.ac.uk/vol1/fastq/ERR188/ERR188131/ERR188131_1.fastq.gz	ftp://ftp.sra.ebi.ac.uk/vol1/fastq/ERR188/ERR188131/ERR188131_2.fastq.gz	NA	NA	GRCh38_GencodeRelease44Comprehensive	U	STAR	PAIRED
NA19214_SteadyStateRNAseq	GEUVADIS	LCL	NuclearFractionation	SteadyStateRNAseq	NA	ILLUMINA	ftp://ftp.sra.ebi.ac.uk/vol1/fastq/ERR188/ERR188209/ERR188209_1.fastq.gz	ftp://ftp.sra.ebi.ac.uk/vol1/fastq/ERR188/ERR188209/ERR188209_2.fastq.gz	NA	NA	GRCh38_GencodeRelease44Comprehensive	U	STAR	PAIRED
NA19225_SteadyStateRNAseq	GEUVADIS	LCL	NuclearFractionation	SteadyStateRNAseq	NA	ILLUMINA	ftp://ftp.sra.ebi.ac.uk/vol1/fastq/ERR188/ERR188421/ERR188421_1.fastq.gz	ftp://ftp.sra.ebi.ac.uk/vol1/fastq/ERR188/ERR188421/ERR188421_2.fastq.gz	NA	NA	GRCh38_GencodeRelease44Comprehensive	U	STAR	PAIRED
NA19236_SteadyStateRNAseq	GEUVADIS	LCL	NuclearFractionation	SteadyStateRNAseq	NA	ILLUMINA	ftp://ftp.sra.ebi.ac.uk/vol1/fastq/ERR188/ERR188037/ERR188037_1.fastq.gz	ftp://ftp.sra.ebi.ac.uk/vol1/fastq/ERR188/ERR188037/ERR188037_2.fastq.gz	NA	NA	GRCh38_GencodeRelease44Comprehensive	U	STAR	PAIRED
NA19247_SteadyStateRNAseq	GEUVADIS	LCL	NuclearFractionation	SteadyStateRNAseq	NA	ILLUMINA	ftp://ftp.sra.ebi.ac.uk/vol1/fastq/ERR188/ERR188463/ERR188463_1.fastq.gz	ftp://ftp.sra.ebi.ac.uk/vol1/fastq/ERR188/ERR188463/ERR188463_2.fastq.gz	NA	NA	GRCh38_GencodeRelease44Comprehensive	U	STAR	PAIRED
NA19257_SteadyStateRNAseq	GEUVADIS	LCL	NuclearFractionation	SteadyStateRNAseq	NA	ILLUMINA	ftp://ftp.sra.ebi.ac.uk/vol1/fastq/ERR188/ERR188074/ERR188074_1.fastq.gz	ftp://ftp.sra.ebi.ac.uk/vol1/fastq/ERR188/ERR188074/ERR188074_2.fastq.gz	NA	NA	GRCh38_GencodeRelease44Comprehensive	U	STAR	PAIRED
UnpubFractionation_jurkat_cyt_0h_1	UnpublishedFractionation	Jurkat	NuclearFractionation	jurkat_cyt_0h_1	NA	ILLUMINA	NA	NA	/project2/yangili1/bjf79/Fastq/20250605_nuclearRNA/YL-SF-21s-A01_S1_L005_R1_001.fastq.gz	/project2/yangili1/bjf79/Fastq/20250605_nuclearRNA/YL-SF-21s-A01_S1_L005_R2_001.fastq.gz	GRCh38_GencodeRelease44Comprehensive	U	STAR	PAIRED
UnpubFractionation_jurkat_cyt_0h_2	UnpublishedFractionation	Jurkat	NuclearFractionation	jurkat_cyt_0h_2	NA	ILLUMINA	NA	NA	/project2/yangili1/bjf79/Fastq/20250605_nuclearRNA/YL-SF-21s-A02_S2_L005_R1_001.fastq.gz	/project2/yangili1/bjf79/Fastq/20250605_nuclearRNA/YL-SF-21s-A02_S2_L005_R2_001.fastq.gz	GRCh38_GencodeRelease44Comprehensive	U	STAR	PAIRED
UnpubFractionation_jurkat_cyt_0h_3	UnpublishedFractionation	Jurkat	NuclearFractionation	jurkat_cyt_0h_3	NA	ILLUMINA	NA	NA	/project2/yangili1/bjf79/Fastq/20250605_nuclearRNA/YL-SF-21s-A03_S3_L005_R1_001.fastq.gz	/project2/yangili1/bjf79/Fastq/20250605_nuclearRNA/YL-SF-21s-A03_S3_L005_R2_001.fastq.gz	GRCh38_GencodeRelease44Comprehensive	U	STAR	PAIRED
UnpubFractionation_jurkat_nuc_0h_1	UnpublishedFractionation	Jurkat	NuclearFractionation	jurkat_nuc_0h_1	NA	ILLUMINA	NA	NA	/project2/yangili1/bjf79/Fastq/20250605_nuclearRNA/YL-SF-21s-A04_S4_L005_R1_001.fastq.gz	/project2/yangili1/bjf79/Fastq/20250605_nuclearRNA/YL-SF-21s-A04_S4_L005_R2_001.fastq.gz	GRCh38_GencodeRelease44Comprehensive	U	STAR	PAIRED
UnpubFractionation_jurkat_nuc_0h_2	UnpublishedFractionation	Jurkat	NuclearFractionation	jurkat_nuc_0h_2	NA	ILLUMINA	NA	NA	/project2/yangili1/bjf79/Fastq/20250605_nuclearRNA/YL-SF-21s-A05_S5_L005_R1_001.fastq.gz	/project2/yangili1/bjf79/Fastq/20250605_nuclearRNA/YL-SF-21s-A05_S5_L005_R2_001.fastq.gz	GRCh38_GencodeRelease44Comprehensive	U	STAR	PAIRED
UnpubFractionation_jurkat_nuc_0h_3	UnpublishedFractionation	Jurkat	NuclearFractionation	jurkat_nuc_0h_3	NA	ILLUMINA	NA	NA	/project2/yangili1/bjf79/Fastq/20250605_nuclearRNA/YL-SF-21s-A06_S6_L005_R1_001.fastq.gz	/project2/yangili1/bjf79/Fastq/20250605_nuclearRNA/YL-SF-21s-A06_S6_L005_R2_001.fastq.gz	GRCh38_GencodeRelease44Comprehensive	U	STAR	PAIRED
UnpubFractionation_jurkat_nuc_0h_4	UnpublishedFractionation	Jurkat	NuclearFractionation	jurkat_nuc_0h_4	NA	ILLUMINA	NA	NA	/project2/yangili1/bjf79/Fastq/20250605_nuclearRNA/YL-SF-21s-A07_S7_L005_R1_001.fastq.gz	/project2/yangili1/bjf79/Fastq/20250605_nuclearRNA/YL-SF-21s-A07_S7_L005_R2_001.fastq.gz	GRCh38_GencodeRelease44Comprehensive	U	STAR	PAIRED
UnpubFractionation_LCL_12878_Cyt	UnpublishedFractionation	LCL	NuclearFractionation	LCL_12878_Cyt	NA	ILLUMINA	NA	NA	/project2/yangili1/bjf79/Fastq/20250605_nuclearRNA/YL-SF-32s-pl1-L-3C_S15_L006_R1_001.fastq.gz	/project2/yangili1/bjf79/Fastq/20250605_nuclearRNA/YL-SF-32s-pl1-L-3C_S15_L006_R2_001.fastq.gz	GRCh38_GencodeRelease44Comprehensive	U	STAR	PAIRED
UnpubFractionation_LCL_12878_Nuc	UnpublishedFractionation	LCL	NuclearFractionation	LCL_12878_Nuc	NA	ILLUMINA	NA	NA	/project2/yangili1/bjf79/Fastq/20250605_nuclearRNA/YL-SF-32s-pl1-L-3N_S16_L006_R1_001.fastq.gz	/project2/yangili1/bjf79/Fastq/20250605_nuclearRNA/YL-SF-32s-pl1-L-3N_S16_L006_R2_001.fastq.gz	GRCh38_GencodeRelease44Comprehensive	U	STAR	PAIRED
UnpubFractionation_LCL_18504_Cyt	UnpublishedFractionation	LCL	NuclearFractionation	LCL_18504_Cyt	NA	ILLUMINA	NA	NA	/project2/yangili1/bjf79/Fastq/20250605_nuclearRNA/YL-SF-32s-pl1-L-1C_S11_L006_R1_001.fastq.gz	/project2/yangili1/bjf79/Fastq/20250605_nuclearRNA/YL-SF-32s-pl1-L-1C_S11_L006_R2_001.fastq.gz	GRCh38_GencodeRelease44Comprehensive	U	STAR	PAIRED
UnpubFractionation_LCL_18504_Nuc	UnpublishedFractionation	LCL	NuclearFractionation	LCL_18504_Nuc	NA	ILLUMINA	NA	NA	/project2/yangili1/bjf79/Fastq/20250605_nuclearRNA/YL-SF-32s-pl1-L-1N_S12_L006_R1_001.fastq.gz	/project2/yangili1/bjf79/Fastq/20250605_nuclearRNA/YL-SF-32s-pl1-L-1N_S12_L006_R2_001.fastq.gz	GRCh38_GencodeRelease44Comprehensive	U	STAR	PAIRED
UnpubFractionation_LCL_18507_Cyt	UnpublishedFractionation	LCL	NuclearFractionation	LCL_18507_Cyt	NA	ILLUMINA	NA	NA	/project2/yangili1/bjf79/Fastq/20250605_nuclearRNA/YL-SF-32s-pl1-L-2C_S13_L006_R1_001.fastq.gz	/project2/yangili1/bjf79/Fastq/20250605_nuclearRNA/YL-SF-32s-pl1-L-2C_S13_L006_R2_001.fastq.gz	GRCh38_GencodeRelease44Comprehensive	U	STAR	PAIRED
UnpubFractionation_LCL_18507_Nuc	UnpublishedFractionation	LCL	NuclearFractionation	LCL_18507_Nuc	NA	ILLUMINA	NA	NA	/project2/yangili1/bjf79/Fastq/20250605_nuclearRNA/YL-SF-32s-pl1-L-2N_S14_L006_R1_001.fastq.gz	/project2/yangili1/bjf79/Fastq/20250605_nuclearRNA/YL-SF-32s-pl1-L-2N_S14_L006_R2_001.fastq.gz	GRCh38_GencodeRelease44Comprehensive	U	STAR	PAIRED
UnpubFractionation_SH_SY5Y_5_Cyt	UnpublishedFractionation	SH-SY5Y	NuclearFractionation	SH_SY5Y_5_Cyt	NA	ILLUMINA	NA	NA	/project2/yangili1/bjf79/Fastq/20250605_nuclearRNA/YL-SF-32s-pl2-SH-5C_S11_L007_R1_001.fastq.gz	/project2/yangili1/bjf79/Fastq/20250605_nuclearRNA/YL-SF-32s-pl2-SH-5C_S11_L007_R2_001.fastq.gz	GRCh38_GencodeRelease44Comprehensive	U	STAR	PAIRED
UnpubFractionation_SH_SY5Y_5_Nuc	UnpublishedFractionation	SH-SY5Y	NuclearFractionation	SH_SY5Y_5_Nuc	NA	ILLUMINA	NA	NA	/project2/yangili1/bjf79/Fastq/20250605_nuclearRNA/YL-SF-32s-pl2-SH-5N_S12_L007_R1_001.fastq.gz	/project2/yangili1/bjf79/Fastq/20250605_nuclearRNA/YL-SF-32s-pl2-SH-5N_S12_L007_R2_001.fastq.gz	GRCh38_GencodeRelease44Comprehensive	U	STAR	PAIRED
UnpubFractionation_SH_SY5Y_6_Cyt	UnpublishedFractionation	SH-SY5Y	NuclearFractionation	SH_SY5Y_6_Cyt	NA	ILLUMINA	NA	NA	/project2/yangili1/bjf79/Fastq/20250605_nuclearRNA/YL-SF-32s-pl2-SH-6C_S13_L007_R1_001.fastq.gz	/project2/yangili1/bjf79/Fastq/20250605_nuclearRNA/YL-SF-32s-pl2-SH-6C_S13_L007_R2_001.fastq.gz	GRCh38_GencodeRelease44Comprehensive	U	STAR	PAIRED
UnpubFractionation_SH_SY5Y_6_Nuc	UnpublishedFractionation	SH-SY5Y	NuclearFractionation	SH_SY5Y_6_Nuc	NA	ILLUMINA	NA	NA	/project2/yangili1/bjf79/Fastq/20250605_nuclearRNA/YL-SF-32s-pl2-SH-6N_S14_L007_R1_001.fastq.gz	/project2/yangili1/bjf79/Fastq/20250605_nuclearRNA/YL-SF-32s-pl2-SH-6N_S14_L007_R2_001.fastq.gz	GRCh38_GencodeRelease44Comprehensive	U	STAR	PAIRED
UnpubFractionation_SH_SY5Y_7_Cyt	UnpublishedFractionation	SH-SY5Y	NuclearFractionation	SH_SY5Y_7_Cyt	NA	ILLUMINA	NA	NA	/project2/yangili1/bjf79/Fastq/20250605_nuclearRNA/YL-SF-32s-pl2-SH-7C_S15_L007_R1_001.fastq.gz	/project2/yangili1/bjf79/Fastq/20250605_nuclearRNA/YL-SF-32s-pl2-SH-7C_S15_L007_R2_001.fastq.gz	GRCh38_GencodeRelease44Comprehensive	U	STAR	PAIRED
UnpubFractionation_SH_SY5Y_7_Nuc	UnpublishedFractionation	SH-SY5Y	NuclearFractionation	SH_SY5Y_7_Nuc	NA	ILLUMINA	NA	NA	/project2/yangili1/bjf79/Fastq/20250605_nuclearRNA/YL-SF-32s-pl2-SH-7N_S16_L007_R1_001.fastq.gz	/project2/yangili1/bjf79/Fastq/20250605_nuclearRNA/YL-SF-32s-pl2-SH-7N_S16_L007_R2_001.fastq.gz	GRCh38_GencodeRelease44Comprehensive	U	STAR	PAIRED
SRR2044111	Floor	HEK293T	TranslationProfiling	80S_rep1	SRR2044111	ILLUMINA	ftp://ftp.sra.ebi.ac.uk/vol1/fastq/SRR204/001/SRR2044111/SRR2044111_1.fastq.gz	ftp://ftp.sra.ebi.ac.uk/vol1/fastq/SRR204/001/SRR2044111/SRR2044111_2.fastq.gz	NA	NA	GRCh38_GencodeRelease44Comprehensive	U	STAR	PAIRED
SRR2044120	Floor	HEK293T	TranslationProfiling	80S_rep2	SRR2044120	ILLUMINA	ftp://ftp.sra.ebi.ac.uk/vol1/fastq/SRR204/000/SRR2044120/SRR2044120_1.fastq.gz	ftp://ftp.sra.ebi.ac.uk/vol1/fastq/SRR204/000/SRR2044120/SRR2044120_2.fastq.gz	NA	NA	GRCh38_GencodeRelease44Comprehensive	U	STAR	PAIRED
SRR2044110	Floor	HEK293T	TranslationProfiling	cyto_rep1	SRR2044110	ILLUMINA	ftp://ftp.sra.ebi.ac.uk/vol1/fastq/SRR204/000/SRR2044110/SRR2044110_1.fastq.gz	ftp://ftp.sra.ebi.ac.uk/vol1/fastq/SRR204/000/SRR2044110/SRR2044110_2.fastq.gz	NA	NA	GRCh38_GencodeRelease44Comprehensive	U	STAR	PAIRED
SRR2044119	Floor	HEK293T	TranslationProfiling	cyto_rep2	SRR2044119	ILLUMINA	ftp://ftp.sra.ebi.ac.uk/vol1/fastq/SRR204/009/SRR2044119/SRR2044119_1.fastq.gz	ftp://ftp.sra.ebi.ac.uk/vol1/fastq/SRR204/009/SRR2044119/SRR2044119_2.fastq.gz	NA	NA	GRCh38_GencodeRelease44Comprehensive	U	STAR	PAIRED
SRR2044112	Floor	HEK293T	TranslationProfiling	poly2_rep1	SRR2044112	ILLUMINA	ftp://ftp.sra.ebi.ac.uk/vol1/fastq/SRR204/002/SRR2044112/SRR2044112_1.fastq.gz	ftp://ftp.sra.ebi.ac.uk/vol1/fastq/SRR204/002/SRR2044112/SRR2044112_2.fastq.gz	NA	NA	GRCh38_GencodeRelease44Comprehensive	U	STAR	PAIRED
SRR2044121	Floor	HEK293T	TranslationProfiling	poly2_rep2	SRR2044121	ILLUMINA	ftp://ftp.sra.ebi.ac.uk/vol1/fastq/SRR204/001/SRR2044121/SRR2044121_1.fastq.gz	ftp://ftp.sra.ebi.ac.uk/vol1/fastq/SRR204/001/SRR2044121/SRR2044121_2.fastq.gz	NA	NA	GRCh38_GencodeRelease44Comprehensive	U	STAR	PAIRED
SRR2044113	Floor	HEK293T	TranslationProfiling	poly3_rep1	SRR2044113	ILLUMINA	ftp://ftp.sra.ebi.ac.uk/vol1/fastq/SRR204/003/SRR2044113/SRR2044113_1.fastq.gz	ftp://ftp.sra.ebi.ac.uk/vol1/fastq/SRR204/003/SRR2044113/SRR2044113_2.fastq.gz	NA	NA	GRCh38_GencodeRelease44Comprehensive	U	STAR	PAIRED
SRR2044122	Floor	HEK293T	TranslationProfiling	poly3_rep2	SRR2044122	ILLUMINA	ftp://ftp.sra.ebi.ac.uk/vol1/fastq/SRR204/002/SRR2044122/SRR2044122_1.fastq.gz	ftp://ftp.sra.ebi.ac.uk/vol1/fastq/SRR204/002/SRR2044122/SRR2044122_2.fastq.gz	NA	NA	GRCh38_GencodeRelease44Comprehensive	U	STAR	PAIRED
SRR2044114	Floor	HEK293T	TranslationProfiling	poly4_rep1	SRR2044114	ILLUMINA	ftp://ftp.sra.ebi.ac.uk/vol1/fastq/SRR204/004/SRR2044114/SRR2044114_1.fastq.gz	ftp://ftp.sra.ebi.ac.uk/vol1/fastq/SRR204/004/SRR2044114/SRR2044114_2.fastq.gz	NA	NA	GRCh38_GencodeRelease44Comprehensive	U	STAR	PAIRED
SRR2044123	Floor	HEK293T	TranslationProfiling	poly4_rep2	SRR2044123	ILLUMINA	ftp://ftp.sra.ebi.ac.uk/vol1/fastq/SRR204/003/SRR2044123/SRR2044123_1.fastq.gz	ftp://ftp.sra.ebi.ac.uk/vol1/fastq/SRR204/003/SRR2044123/SRR2044123_2.fastq.gz	NA	NA	GRCh38_GencodeRelease44Comprehensive	U	STAR	PAIRED
SRR2044115	Floor	HEK293T	TranslationProfiling	poly5_rep1	SRR2044115	ILLUMINA	ftp://ftp.sra.ebi.ac.uk/vol1/fastq/SRR204/005/SRR2044115/SRR2044115_1.fastq.gz	ftp://ftp.sra.ebi.ac.uk/vol1/fastq/SRR204/005/SRR2044115/SRR2044115_2.fastq.gz	NA	NA	GRCh38_GencodeRelease44Comprehensive	U	STAR	PAIRED
SRR2044124	Floor	HEK293T	TranslationProfiling	poly5_rep2	SRR2044124	ILLUMINA	ftp://ftp.sra.ebi.ac.uk/vol1/fastq/SRR204/004/SRR2044124/SRR2044124_1.fastq.gz	ftp://ftp.sra.ebi.ac.uk/vol1/fastq/SRR204/004/SRR2044124/SRR2044124_2.fastq.gz	NA	NA	GRCh38_GencodeRelease44Comprehensive	U	STAR	PAIRED
SRR2044116	Floor	HEK293T	TranslationProfiling	poly6_rep1	SRR2044116	ILLUMINA	ftp://ftp.sra.ebi.ac.uk/vol1/fastq/SRR204/006/SRR2044116/SRR2044116_1.fastq.gz	ftp://ftp.sra.ebi.ac.uk/vol1/fastq/SRR204/006/SRR2044116/SRR2044116_2.fastq.gz	NA	NA	GRCh38_GencodeRelease44Comprehensive	U	STAR	PAIRED
SRR2044125	Floor	HEK293T	TranslationProfiling	poly6_rep2	SRR2044125	ILLUMINA	ftp://ftp.sra.ebi.ac.uk/vol1/fastq/SRR204/005/SRR2044125/SRR2044125_1.fastq.gz	ftp://ftp.sra.ebi.ac.uk/vol1/fastq/SRR204/005/SRR2044125/SRR2044125_2.fastq.gz	NA	NA	GRCh38_GencodeRelease44Comprehensive	U	STAR	PAIRED
SRR2044117	Floor	HEK293T	TranslationProfiling	poly7_rep1	SRR2044117	ILLUMINA	ftp://ftp.sra.ebi.ac.uk/vol1/fastq/SRR204/007/SRR2044117/SRR2044117_1.fastq.gz	ftp://ftp.sra.ebi.ac.uk/vol1/fastq/SRR204/007/SRR2044117/SRR2044117_2.fastq.gz	NA	NA	GRCh38_GencodeRelease44Comprehensive	U	STAR	PAIRED
SRR2044126	Floor	HEK293T	TranslationProfiling	poly7_rep2	SRR2044126	ILLUMINA	ftp://ftp.sra.ebi.ac.uk/vol1/fastq/SRR204/006/SRR2044126/SRR2044126_1.fastq.gz	ftp://ftp.sra.ebi.ac.uk/vol1/fastq/SRR204/006/SRR2044126/SRR2044126_2.fastq.gz	NA	NA	GRCh38_GencodeRelease44Comprehensive	U	STAR	PAIRED
SRR2044118	Floor	HEK293T	TranslationProfiling	poly8_rep1	SRR2044118	ILLUMINA	ftp://ftp.sra.ebi.ac.uk/vol1/fastq/SRR204/008/SRR2044118/SRR2044118_1.fastq.gz	ftp://ftp.sra.ebi.ac.uk/vol1/fastq/SRR204/008/SRR2044118/SRR2044118_2.fastq.gz	NA	NA	GRCh38_GencodeRelease44Comprehensive	U	STAR	PAIRED
SRR2044127	Floor	HEK293T	TranslationProfiling	poly8_rep2	SRR2044127	ILLUMINA	ftp://ftp.sra.ebi.ac.uk/vol1/fastq/SRR204/007/SRR2044127/SRR2044127_1.fastq.gz	ftp://ftp.sra.ebi.ac.uk/vol1/fastq/SRR204/007/SRR2044127/SRR2044127_2.fastq.gz	NA	NA	GRCh38_GencodeRelease44Comprehensive	U	STAR	PAIRED
SRR26282929	Ritter	embryonic stem cell (ESC)	TranslationProfiling	cytosol	SRR26282929	OXFORD_NANOPORE	ftp://ftp.sra.ebi.ac.uk/vol1/fastq/SRR262/029/SRR26282929/SRR26282929_1.fastq.gz	NA	NA	NA	GRCh38_GencodeRelease44Comprehensive	U	minimap2	SINGLE
SRR26282930	Ritter	embryonic stem cell (ESC)	TranslationProfiling	cytosol	SRR26282930	OXFORD_NANOPORE	ftp://ftp.sra.ebi.ac.uk/vol1/fastq/SRR262/030/SRR26282930/SRR26282930_1.fastq.gz	NA	NA	NA	GRCh38_GencodeRelease44Comprehensive	U	minimap2	SINGLE
SRR26282952	Ritter	embryonic stem cell (ESC)	TranslationProfiling	cytosol	SRR26282952	ILLUMINA	ftp://ftp.sra.ebi.ac.uk/vol1/fastq/SRR262/052/SRR26282952/SRR26282952_1.fastq.gz	ftp://ftp.sra.ebi.ac.uk/vol1/fastq/SRR262/052/SRR26282952/SRR26282952_2.fastq.gz	NA	NA	GRCh38_GencodeRelease44Comprehensive	U	STAR	PAIRED
SRR26282953	Ritter	embryonic stem cell (ESC)	TranslationProfiling	cytosol	SRR26282953	ILLUMINA	ftp://ftp.sra.ebi.ac.uk/vol1/fastq/SRR262/053/SRR26282953/SRR26282953_1.fastq.gz	ftp://ftp.sra.ebi.ac.uk/vol1/fastq/SRR262/053/SRR26282953/SRR26282953_2.fastq.gz	NA	NA	GRCh38_GencodeRelease44Comprehensive	U	STAR	PAIRED
SRR26282954	Ritter	embryonic stem cell (ESC)	TranslationProfiling	cytosol	SRR26282954	ILLUMINA	ftp://ftp.sra.ebi.ac.uk/vol1/fastq/SRR262/054/SRR26282954/SRR26282954_1.fastq.gz	ftp://ftp.sra.ebi.ac.uk/vol1/fastq/SRR262/054/SRR26282954/SRR26282954_2.fastq.gz	NA	NA	GRCh38_GencodeRelease44Comprehensive	U	STAR	PAIRED
SRR26282925	Ritter	embryonic stem cell (ESC)	TranslationProfiling	heavy polyribosome (5+ ribosomes)	SRR26282925	OXFORD_NANOPORE	ftp://ftp.sra.ebi.ac.uk/vol1/fastq/SRR262/025/SRR26282925/SRR26282925_1.fastq.gz	NA	NA	NA	GRCh38_GencodeRelease44Comprehensive	U	minimap2	SINGLE
SRR26282926	Ritter	embryonic stem cell (ESC)	TranslationProfiling	heavy polyribosome (5+ ribosomes)	SRR26282926	OXFORD_NANOPORE	ftp://ftp.sra.ebi.ac.uk/vol1/fastq/SRR262/026/SRR26282926/SRR26282926_1.fastq.gz	NA	NA	NA	GRCh38_GencodeRelease44Comprehensive	U	minimap2	SINGLE
SRR26282946	Ritter	embryonic stem cell (ESC)	TranslationProfiling	heavy polyribosome (5+ ribosomes)	SRR26282946	ILLUMINA	ftp://ftp.sra.ebi.ac.uk/vol1/fastq/SRR262/046/SRR26282946/SRR26282946_1.fastq.gz	ftp://ftp.sra.ebi.ac.uk/vol1/fastq/SRR262/046/SRR26282946/SRR26282946_2.fastq.gz	NA	NA	GRCh38_GencodeRelease44Comprehensive	U	STAR	PAIRED
SRR26282947	Ritter	embryonic stem cell (ESC)	TranslationProfiling	heavy polyribosome (5+ ribosomes)	SRR26282947	ILLUMINA	ftp://ftp.sra.ebi.ac.uk/vol1/fastq/SRR262/047/SRR26282947/SRR26282947_1.fastq.gz	ftp://ftp.sra.ebi.ac.uk/vol1/fastq/SRR262/047/SRR26282947/SRR26282947_2.fastq.gz	NA	NA	GRCh38_GencodeRelease44Comprehensive	U	STAR	PAIRED
SRR26282948	Ritter	embryonic stem cell (ESC)	TranslationProfiling	heavy polyribosome (5+ ribosomes)	SRR26282948	ILLUMINA	ftp://ftp.sra.ebi.ac.uk/vol1/fastq/SRR262/048/SRR26282948/SRR26282948_1.fastq.gz	ftp://ftp.sra.ebi.ac.uk/vol1/fastq/SRR262/048/SRR26282948/SRR26282948_2.fastq.gz	NA	NA	GRCh38_GencodeRelease44Comprehensive	U	STAR	PAIRED
SRR26282923	Ritter	embryonic stem cell (ESC)	TranslationProfiling	light polyribosome (2-4 ribosomes)	SRR26282923	OXFORD_NANOPORE	ftp://ftp.sra.ebi.ac.uk/vol1/fastq/SRR262/023/SRR26282923/SRR26282923_1.fastq.gz	NA	NA	NA	GRCh38_GencodeRelease44Comprehensive	U	minimap2	SINGLE
SRR26282924	Ritter	embryonic stem cell (ESC)	TranslationProfiling	light polyribosome (2-4 ribosomes)	SRR26282924	OXFORD_NANOPORE	ftp://ftp.sra.ebi.ac.uk/vol1/fastq/SRR262/024/SRR26282924/SRR26282924_1.fastq.gz	NA	NA	NA	GRCh38_GencodeRelease44Comprehensive	U	minimap2	SINGLE
SRR26282943	Ritter	embryonic stem cell (ESC)	TranslationProfiling	light polyribosome (2-4 ribosomes)	SRR26282943	ILLUMINA	ftp://ftp.sra.ebi.ac.uk/vol1/fastq/SRR262/043/SRR26282943/SRR26282943_1.fastq.gz	ftp://ftp.sra.ebi.ac.uk/vol1/fastq/SRR262/043/SRR26282943/SRR26282943_2.fastq.gz	NA	NA	GRCh38_GencodeRelease44Comprehensive	U	STAR	PAIRED
SRR26282944	Ritter	embryonic stem cell (ESC)	TranslationProfiling	light polyribosome (2-4 ribosomes)	SRR26282944	ILLUMINA	ftp://ftp.sra.ebi.ac.uk/vol1/fastq/SRR262/044/SRR26282944/SRR26282944_1.fastq.gz	ftp://ftp.sra.ebi.ac.uk/vol1/fastq/SRR262/044/SRR26282944/SRR26282944_2.fastq.gz	NA	NA	GRCh38_GencodeRelease44Comprehensive	U	STAR	PAIRED
SRR26282945	Ritter	embryonic stem cell (ESC)	TranslationProfiling	light polyribosome (2-4 ribosomes)	SRR26282945	ILLUMINA	ftp://ftp.sra.ebi.ac.uk/vol1/fastq/SRR262/045/SRR26282945/SRR26282945_1.fastq.gz	ftp://ftp.sra.ebi.ac.uk/vol1/fastq/SRR262/045/SRR26282945/SRR26282945_2.fastq.gz	NA	NA	GRCh38_GencodeRelease44Comprehensive	U	STAR	PAIRED
SRR26282927	Ritter	embryonic stem cell (ESC)	TranslationProfiling	monosome	SRR26282927	OXFORD_NANOPORE	ftp://ftp.sra.ebi.ac.uk/vol1/fastq/SRR262/027/SRR26282927/SRR26282927_1.fastq.gz	NA	NA	NA	GRCh38_GencodeRelease44Comprehensive	U	minimap2	SINGLE
SRR26282928	Ritter	embryonic stem cell (ESC)	TranslationProfiling	monosome	SRR26282928	OXFORD_NANOPORE	ftp://ftp.sra.ebi.ac.uk/vol1/fastq/SRR262/028/SRR26282928/SRR26282928_1.fastq.gz	NA	NA	NA	GRCh38_GencodeRelease44Comprehensive	U	minimap2	SINGLE
SRR26282949	Ritter	embryonic stem cell (ESC)	TranslationProfiling	monosome	SRR26282949	ILLUMINA	ftp://ftp.sra.ebi.ac.uk/vol1/fastq/SRR262/049/SRR26282949/SRR26282949_1.fastq.gz	ftp://ftp.sra.ebi.ac.uk/vol1/fastq/SRR262/049/SRR26282949/SRR26282949_2.fastq.gz	NA	NA	GRCh38_GencodeRelease44Comprehensive	U	STAR	PAIRED
SRR26282950	Ritter	embryonic stem cell (ESC)	TranslationProfiling	monosome	SRR26282950	ILLUMINA	ftp://ftp.sra.ebi.ac.uk/vol1/fastq/SRR262/050/SRR26282950/SRR26282950_1.fastq.gz	ftp://ftp.sra.ebi.ac.uk/vol1/fastq/SRR262/050/SRR26282950/SRR26282950_2.fastq.gz	NA	NA	GRCh38_GencodeRelease44Comprehensive	U	STAR	PAIRED
SRR26282951	Ritter	embryonic stem cell (ESC)	TranslationProfiling	monosome	SRR26282951	ILLUMINA	ftp://ftp.sra.ebi.ac.uk/vol1/fastq/SRR262/051/SRR26282951/SRR26282951_1.fastq.gz	ftp://ftp.sra.ebi.ac.uk/vol1/fastq/SRR262/051/SRR26282951/SRR26282951_2.fastq.gz	NA	NA	GRCh38_GencodeRelease44Comprehensive	U	STAR	PAIRED
SRR26282921	Ritter	neural progenitor cell (NPC)	TranslationProfiling	cytosol	SRR26282921	OXFORD_NANOPORE	ftp://ftp.sra.ebi.ac.uk/vol1/fastq/SRR262/021/SRR26282921/SRR26282921_1.fastq.gz	NA	NA	NA	GRCh38_GencodeRelease44Comprehensive	U	minimap2	SINGLE
SRR26282922	Ritter	neural progenitor cell (NPC)	TranslationProfiling	cytosol	SRR26282922	OXFORD_NANOPORE	ftp://ftp.sra.ebi.ac.uk/vol1/fastq/SRR262/022/SRR26282922/SRR26282922_1.fastq.gz	NA	NA	NA	GRCh38_GencodeRelease44Comprehensive	U	minimap2	SINGLE
SRR26282940	Ritter	neural progenitor cell (NPC)	TranslationProfiling	cytosol	SRR26282940	ILLUMINA	ftp://ftp.sra.ebi.ac.uk/vol1/fastq/SRR262/040/SRR26282940/SRR26282940_1.fastq.gz	ftp://ftp.sra.ebi.ac.uk/vol1/fastq/SRR262/040/SRR26282940/SRR26282940_2.fastq.gz	NA	NA	GRCh38_GencodeRelease44Comprehensive	U	STAR	PAIRED
SRR26282941	Ritter	neural progenitor cell (NPC)	TranslationProfiling	cytosol	SRR26282941	ILLUMINA	ftp://ftp.sra.ebi.ac.uk/vol1/fastq/SRR262/041/SRR26282941/SRR26282941_1.fastq.gz	ftp://ftp.sra.ebi.ac.uk/vol1/fastq/SRR262/041/SRR26282941/SRR26282941_2.fastq.gz	NA	NA	GRCh38_GencodeRelease44Comprehensive	U	STAR	PAIRED
SRR26282942	Ritter	neural progenitor cell (NPC)	TranslationProfiling	cytosol	SRR26282942	ILLUMINA	ftp://ftp.sra.ebi.ac.uk/vol1/fastq/SRR262/042/SRR26282942/SRR26282942_1.fastq.gz	ftp://ftp.sra.ebi.ac.uk/vol1/fastq/SRR262/042/SRR26282942/SRR26282942_2.fastq.gz	NA	NA	GRCh38_GencodeRelease44Comprehensive	U	STAR	PAIRED
SRR26282917	Ritter	neural progenitor cell (NPC)	TranslationProfiling	heavy polyribosome (5+ ribosomes)	SRR26282917	OXFORD_NANOPORE	ftp://ftp.sra.ebi.ac.uk/vol1/fastq/SRR262/017/SRR26282917/SRR26282917_1.fastq.gz	NA	NA	NA	GRCh38_GencodeRelease44Comprehensive	U	minimap2	SINGLE
SRR26282918	Ritter	neural progenitor cell (NPC)	TranslationProfiling	heavy polyribosome (5+ ribosomes)	SRR26282918	OXFORD_NANOPORE	ftp://ftp.sra.ebi.ac.uk/vol1/fastq/SRR262/018/SRR26282918/SRR26282918_1.fastq.gz	NA	NA	NA	GRCh38_GencodeRelease44Comprehensive	U	minimap2	SINGLE
SRR26282934	Ritter	neural progenitor cell (NPC)	TranslationProfiling	heavy polyribosome (5+ ribosomes)	SRR26282934	ILLUMINA	ftp://ftp.sra.ebi.ac.uk/vol1/fastq/SRR262/034/SRR26282934/SRR26282934_1.fastq.gz	ftp://ftp.sra.ebi.ac.uk/vol1/fastq/SRR262/034/SRR26282934/SRR26282934_2.fastq.gz	NA	NA	GRCh38_GencodeRelease44Comprehensive	U	STAR	PAIRED
SRR26282935	Ritter	neural progenitor cell (NPC)	TranslationProfiling	heavy polyribosome (5+ ribosomes)	SRR26282935	ILLUMINA	ftp://ftp.sra.ebi.ac.uk/vol1/fastq/SRR262/035/SRR26282935/SRR26282935_1.fastq.gz	ftp://ftp.sra.ebi.ac.uk/vol1/fastq/SRR262/035/SRR26282935/SRR26282935_2.fastq.gz	NA	NA	GRCh38_GencodeRelease44Comprehensive	U	STAR	PAIRED
SRR26282936	Ritter	neural progenitor cell (NPC)	TranslationProfiling	heavy polyribosome (5+ ribosomes)	SRR26282936	ILLUMINA	ftp://ftp.sra.ebi.ac.uk/vol1/fastq/SRR262/036/SRR26282936/SRR26282936_1.fastq.gz	ftp://ftp.sra.ebi.ac.uk/vol1/fastq/SRR262/036/SRR26282936/SRR26282936_2.fastq.gz	NA	NA	GRCh38_GencodeRelease44Comprehensive	U	STAR	PAIRED
SRR26282915	Ritter	neural progenitor cell (NPC)	TranslationProfiling	light polyribosome (2-4 ribosomes)	SRR26282915	OXFORD_NANOPORE	ftp://ftp.sra.ebi.ac.uk/vol1/fastq/SRR262/015/SRR26282915/SRR26282915_1.fastq.gz	NA	NA	NA	GRCh38_GencodeRelease44Comprehensive	U	minimap2	SINGLE
SRR26282916	Ritter	neural progenitor cell (NPC)	TranslationProfiling	light polyribosome (2-4 ribosomes)	SRR26282916	OXFORD_NANOPORE	ftp://ftp.sra.ebi.ac.uk/vol1/fastq/SRR262/016/SRR26282916/SRR26282916_1.fastq.gz	NA	NA	NA	GRCh38_GencodeRelease44Comprehensive	U	minimap2	SINGLE
SRR26282931	Ritter	neural progenitor cell (NPC)	TranslationProfiling	light polyribosome (2-4 ribosomes)	SRR26282931	ILLUMINA	ftp://ftp.sra.ebi.ac.uk/vol1/fastq/SRR262/031/SRR26282931/SRR26282931_1.fastq.gz	ftp://ftp.sra.ebi.ac.uk/vol1/fastq/SRR262/031/SRR26282931/SRR26282931_2.fastq.gz	NA	NA	GRCh38_GencodeRelease44Comprehensive	U	STAR	PAIRED
SRR26282932	Ritter	neural progenitor cell (NPC)	TranslationProfiling	light polyribosome (2-4 ribosomes)	SRR26282932	ILLUMINA	ftp://ftp.sra.ebi.ac.uk/vol1/fastq/SRR262/032/SRR26282932/SRR26282932_1.fastq.gz	ftp://ftp.sra.ebi.ac.uk/vol1/fastq/SRR262/032/SRR26282932/SRR26282932_2.fastq.gz	NA	NA	GRCh38_GencodeRelease44Comprehensive	U	STAR	PAIRED
SRR26282933	Ritter	neural progenitor cell (NPC)	TranslationProfiling	light polyribosome (2-4 ribosomes)	SRR26282933	ILLUMINA	ftp://ftp.sra.ebi.ac.uk/vol1/fastq/SRR262/033/SRR26282933/SRR26282933_1.fastq.gz	ftp://ftp.sra.ebi.ac.uk/vol1/fastq/SRR262/033/SRR26282933/SRR26282933_2.fastq.gz	NA	NA	GRCh38_GencodeRelease44Comprehensive	U	STAR	PAIRED
SRR26282919	Ritter	neural progenitor cell (NPC)	TranslationProfiling	monosome	SRR26282919	OXFORD_NANOPORE	ftp://ftp.sra.ebi.ac.uk/vol1/fastq/SRR262/019/SRR26282919/SRR26282919_1.fastq.gz	NA	NA	NA	GRCh38_GencodeRelease44Comprehensive	U	minimap2	SINGLE
SRR26282920	Ritter	neural progenitor cell (NPC)	TranslationProfiling	monosome	SRR26282920	OXFORD_NANOPORE	ftp://ftp.sra.ebi.ac.uk/vol1/fastq/SRR262/020/SRR26282920/SRR26282920_1.fastq.gz	NA	NA	NA	GRCh38_GencodeRelease44Comprehensive	U	minimap2	SINGLE
SRR26282937	Ritter	neural progenitor cell (NPC)	TranslationProfiling	monosome	SRR26282937	ILLUMINA	ftp://ftp.sra.ebi.ac.uk/vol1/fastq/SRR262/037/SRR26282937/SRR26282937_1.fastq.gz	ftp://ftp.sra.ebi.ac.uk/vol1/fastq/SRR262/037/SRR26282937/SRR26282937_2.fastq.gz	NA	NA	GRCh38_GencodeRelease44Comprehensive	U	STAR	PAIRED
SRR26282938	Ritter	neural progenitor cell (NPC)	TranslationProfiling	monosome	SRR26282938	ILLUMINA	ftp://ftp.sra.ebi.ac.uk/vol1/fastq/SRR262/038/SRR26282938/SRR26282938_1.fastq.gz	ftp://ftp.sra.ebi.ac.uk/vol1/fastq/SRR262/038/SRR26282938/SRR26282938_2.fastq.gz	NA	NA	GRCh38_GencodeRelease44Comprehensive	U	STAR	PAIRED
SRR26282939	Ritter	neural progenitor cell (NPC)	TranslationProfiling	monosome	SRR26282939	ILLUMINA	ftp://ftp.sra.ebi.ac.uk/vol1/fastq/SRR262/039/SRR26282939/SRR26282939_1.fastq.gz	ftp://ftp.sra.ebi.ac.uk/vol1/fastq/SRR262/039/SRR26282939/SRR26282939_2.fastq.gz	NA	NA	GRCh38_GencodeRelease44Comprehensive	U	STAR	PAIRED
SRR786387	Sterne-Weiler	HEK293T	TranslationProfiling	Cytoplasm DMSO 1	SRR786387	ILLUMINA	ftp://ftp.sra.ebi.ac.uk/vol1/fastq/SRR786/SRR786387/SRR786387_1.fastq.gz	ftp://ftp.sra.ebi.ac.uk/vol1/fastq/SRR786/SRR786387/SRR786387_2.fastq.gz	NA	NA	GRCh38_GencodeRelease44Comprehensive	U	STAR	PAIRED
SRR786391	Sterne-Weiler	HEK293T	TranslationProfiling	Cytoplasm DMSO 2	SRR786391	ILLUMINA	ftp://ftp.sra.ebi.ac.uk/vol1/fastq/SRR786/SRR786391/SRR786391_1.fastq.gz	ftp://ftp.sra.ebi.ac.uk/vol1/fastq/SRR786/SRR786391/SRR786391_2.fastq.gz	NA	NA	GRCh38_GencodeRelease44Comprehensive	U	STAR	PAIRED
SRR786388	Sterne-Weiler	HEK293T	TranslationProfiling	Polyribosome DMSO 1	SRR786388	ILLUMINA	ftp://ftp.sra.ebi.ac.uk/vol1/fastq/SRR786/SRR786388/SRR786388_1.fastq.gz	ftp://ftp.sra.ebi.ac.uk/vol1/fastq/SRR786/SRR786388/SRR786388_2.fastq.gz	NA	NA	GRCh38_GencodeRelease44Comprehensive	U	STAR	PAIRED
SRR786392	Sterne-Weiler	HEK293T	TranslationProfiling	Polyribosome DMSO 2	SRR786392	ILLUMINA	ftp://ftp.sra.ebi.ac.uk/vol1/fastq/SRR786/SRR786392/SRR786392_1.fastq.gz	ftp://ftp.sra.ebi.ac.uk/vol1/fastq/SRR786/SRR786392/SRR786392_2.fastq.gz	NA	NA	GRCh38_GencodeRelease44Comprehensive	U	STAR	PAIRED
UnpubPolysomeProfiling_7	UnpublishedPolysomeProfiling	LCL	TranslationProfiling	S3_Free	NA	ILLUMINA	NA	NA	/project2/yangili1/bjf79/Fastq/20250605_PilotPolysomeProfilingSarah/YL-SF-32s-pl1-7-A_S8_L006_R1_001.fastq.gz	/project2/yangili1/bjf79/Fastq/20250605_PilotPolysomeProfilingSarah/YL-SF-32s-pl1-7-A_S8_L006_R2_001.fastq.gz	GRCh38_GencodeRelease44Comprehensive	U	STAR	PAIRED
UnpubPolysomeProfiling_10	UnpublishedPolysomeProfiling	LCL	TranslationProfiling	S3_HeavyPolysome	NA	ILLUMINA	NA	NA	/project2/yangili1/bjf79/Fastq/20250605_PilotPolysomeProfilingSarah/YL-SF-32s-pl1-10-A_S1_L006_R1_001.fastq.gz	/project2/yangili1/bjf79/Fastq/20250605_PilotPolysomeProfilingSarah/YL-SF-32s-pl1-10-A_S1_L006_R2_001.fastq.gz	GRCh38_GencodeRelease44Comprehensive	U	STAR	PAIRED
UnpubPolysomeProfiling_15	UnpublishedPolysomeProfiling	LCL	TranslationProfiling	S3_HeavyPolysomeFalconTubeHighYield	NA	ILLUMINA	NA	NA	/project2/yangili1/bjf79/Fastq/20250605_PilotPolysomeProfilingSarah/YL-SF-32s-pl1-15-A_S6_L006_R1_001.fastq.gz	/project2/yangili1/bjf79/Fastq/20250605_PilotPolysomeProfilingSarah/YL-SF-32s-pl1-15-A_S6_L006_R2_001.fastq.gz	GRCh38_GencodeRelease44Comprehensive	U	STAR	PAIRED
UnpubPolysomeProfiling_9	UnpublishedPolysomeProfiling	LCL	TranslationProfiling	S3_LightPolysome	NA	ILLUMINA	NA	NA	/project2/yangili1/bjf79/Fastq/20250605_PilotPolysomeProfilingSarah/YL-SF-32s-pl1-9-A_S10_L006_R1_001.fastq.gz	/project2/yangili1/bjf79/Fastq/20250605_PilotPolysomeProfilingSarah/YL-SF-32s-pl1-9-A_S10_L006_R2_001.fastq.gz	GRCh38_GencodeRelease44Comprehensive	U	STAR	PAIRED
UnpubPolysomeProfiling_8	UnpublishedPolysomeProfiling	LCL	TranslationProfiling	S3_Monosome	NA	ILLUMINA	NA	NA	/project2/yangili1/bjf79/Fastq/20250605_PilotPolysomeProfilingSarah/YL-SF-32s-pl1-8-A_S9_L006_R1_001.fastq.gz	/project2/yangili1/bjf79/Fastq/20250605_PilotPolysomeProfilingSarah/YL-SF-32s-pl1-8-A_S9_L006_R2_001.fastq.gz	GRCh38_GencodeRelease44Comprehensive	U	STAR	PAIRED
UnpubPolysomeProfiling_16	UnpublishedPolysomeProfiling	LCL	TranslationProfiling	S3_MonosomeFalconTubeHighYield	NA	ILLUMINA	NA	NA	/project2/yangili1/bjf79/Fastq/20250605_PilotPolysomeProfilingSarah/YL-SF-32s-pl1-16-A_S7_L006_R1_001.fastq.gz	/project2/yangili1/bjf79/Fastq/20250605_PilotPolysomeProfilingSarah/YL-SF-32s-pl1-16-A_S7_L006_R2_001.fastq.gz	GRCh38_GencodeRelease44Comprehensive	U	STAR	PAIRED
UnpubPolysomeProfiling_11	UnpublishedPolysomeProfiling	LCL	TranslationProfiling	S4_Free	NA	ILLUMINA	NA	NA	/project2/yangili1/bjf79/Fastq/20250605_PilotPolysomeProfilingSarah/YL-SF-32s-pl1-11-A_S2_L006_R1_001.fastq.gz	/project2/yangili1/bjf79/Fastq/20250605_PilotPolysomeProfilingSarah/YL-SF-32s-pl1-11-A_S2_L006_R2_001.fastq.gz	GRCh38_GencodeRelease44Comprehensive	U	STAR	PAIRED
UnpubPolysomeProfiling_14	UnpublishedPolysomeProfiling	LCL	TranslationProfiling	S4_HeavyPolysome	NA	ILLUMINA	NA	NA	/project2/yangili1/bjf79/Fastq/20250605_PilotPolysomeProfilingSarah/YL-SF-32s-pl1-14-A_S5_L006_R1_001.fastq.gz	/project2/yangili1/bjf79/Fastq/20250605_PilotPolysomeProfilingSarah/YL-SF-32s-pl1-14-A_S5_L006_R2_001.fastq.gz	GRCh38_GencodeRelease44Comprehensive	U	STAR	PAIRED
UnpubPolysomeProfiling_13	UnpublishedPolysomeProfiling	LCL	TranslationProfiling	S4_LightPolysome	NA	ILLUMINA	NA	NA	/project2/yangili1/bjf79/Fastq/20250605_PilotPolysomeProfilingSarah/YL-SF-32s-pl1-13-A_S4_L006_R1_001.fastq.gz	/project2/yangili1/bjf79/Fastq/20250605_PilotPolysomeProfilingSarah/YL-SF-32s-pl1-13-A_S4_L006_R2_001.fastq.gz	GRCh38_GencodeRelease44Comprehensive	U	STAR	PAIRED
UnpubPolysomeProfiling_12	UnpublishedPolysomeProfiling	LCL	TranslationProfiling	S4_Monosome	NA	ILLUMINA	NA	NA	/project2/yangili1/bjf79/Fastq/20250605_PilotPolysomeProfilingSarah/YL-SF-32s-pl1-12-A_S3_L006_R1_001.fastq.gz	/project2/yangili1/bjf79/Fastq/20250605_PilotPolysomeProfilingSarah/YL-SF-32s-pl1-12-A_S3_L006_R2_001.fastq.gz	GRCh38_GencodeRelease44Comprehensive	U	STAR	PAIRED
