sample	StudyFirstAuthor	cell_type	Approach	Description	SRA_accession	Platform	R1_link	R2_link	R1	R2	STARGenomeName	Strandedness	Aligner
SRR4081246	Colombo	HeLa	NMDInhibition	siRNA SMG6, SMG7	SRR4081246	ILLUMINA	NA	NA	NA	NA	GRCh38_GencodeRelease44Comprehensive	U	STAR
SRR4081247	Colombo	HeLa	NMDInhibition	siRNA SMG6, SMG7	SRR4081247	ILLUMINA	NA	NA	NA	NA	GRCh38_GencodeRelease44Comprehensive	U	STAR
SRR4081248	Colombo	HeLa	NMDInhibition	siRNA SMG6, SMG7	SRR4081248	ILLUMINA	NA	NA	NA	NA	GRCh38_GencodeRelease44Comprehensive	U	STAR
SRR4081225	Colombo	HeLa	NMDInhibition	siRNA UPF1	SRR4081225	ILLUMINA	NA	NA	NA	NA	GRCh38_GencodeRelease44Comprehensive	U	STAR
SRR4081226	Colombo	HeLa	NMDInhibition	siRNA UPF1	SRR4081226	ILLUMINA	NA	NA	NA	NA	GRCh38_GencodeRelease44Comprehensive	U	STAR
SRR4081227	Colombo	HeLa	NMDInhibition	siRNA UPF1	SRR4081227	ILLUMINA	NA	NA	NA	NA	GRCh38_GencodeRelease44Comprehensive	U	STAR
SRR4081222	Colombo	HeLa	NMDInhibition	siRNA scramble	SRR4081222	ILLUMINA	NA	NA	NA	NA	GRCh38_GencodeRelease44Comprehensive	U	STAR
SRR4081223	Colombo	HeLa	NMDInhibition	siRNA scramble	SRR4081223	ILLUMINA	NA	NA	NA	NA	GRCh38_GencodeRelease44Comprehensive	U	STAR
SRR4081224	Colombo	HeLa	NMDInhibition	siRNA scramble	SRR4081224	ILLUMINA	NA	NA	NA	NA	GRCh38_GencodeRelease44Comprehensive	U	STAR
SRR4081237	Colombo	HeLa	NMDInhibition	siRNA scramble	SRR4081237	ILLUMINA	NA	NA	NA	NA	GRCh38_GencodeRelease44Comprehensive	U	STAR
SRR4081238	Colombo	HeLa	NMDInhibition	siRNA scramble	SRR4081238	ILLUMINA	NA	NA	NA	NA	GRCh38_GencodeRelease44Comprehensive	U	STAR
SRR4081239	Colombo	HeLa	NMDInhibition	siRNA scramble	SRR4081239	ILLUMINA	NA	NA	NA	NA	GRCh38_GencodeRelease44Comprehensive	U	STAR
SRR2313096	Darman	NALM6	NMDInhibition	Cyclohexamide	SRR2313096	ILLUMINA	NA	NA	NA	NA	GRCh38_GencodeRelease44Comprehensive	U	STAR
SRR2313097	Darman	NALM6	NMDInhibition	Cyclohexamide	SRR2313097	ILLUMINA	NA	NA	NA	NA	GRCh38_GencodeRelease44Comprehensive	U	STAR
SRR2313098	Darman	NALM6	NMDInhibition	Cyclohexamide	SRR2313098	ILLUMINA	NA	NA	NA	NA	GRCh38_GencodeRelease44Comprehensive	U	STAR
SRR2313090	Darman	NALM6	NMDInhibition	DMSO	SRR2313090	ILLUMINA	NA	NA	NA	NA	GRCh38_GencodeRelease44Comprehensive	U	STAR
SRR2313091	Darman	NALM6	NMDInhibition	DMSO	SRR2313091	ILLUMINA	NA	NA	NA	NA	GRCh38_GencodeRelease44Comprehensive	U	STAR
SRR2313092	Darman	NALM6	NMDInhibition	DMSO	SRR2313092	ILLUMINA	NA	NA	NA	NA	GRCh38_GencodeRelease44Comprehensive	U	STAR
ERR5880584	Karousis	HeLa	NMDInhibition	siRNA SMG6, SMG7	ERR5880584	OXFORD_NANOPORE	NA	NA	NA	NA	GRCh38_GencodeRelease44Comprehensive	U	minimap2
ERR5880586	Karousis	HeLa	NMDInhibition	siRNA UPF1	ERR5880586	OXFORD_NANOPORE	NA	NA	NA	NA	GRCh38_GencodeRelease44Comprehensive	U	minimap2
ERR5880581	Karousis	HeLa	NMDInhibition	siRNA scramble	ERR5880581	OXFORD_NANOPORE	NA	NA	NA	NA	GRCh38_GencodeRelease44Comprehensive	U	minimap2
ERR5880582	Karousis	HeLa	NMDInhibition	siRNA scramble	ERR5880582	OXFORD_NANOPORE	NA	NA	NA	NA	GRCh38_GencodeRelease44Comprehensive	U	minimap2
NA18486_naRNAseq	Fair	LCL	NuclearFractionation	naRNAseq	NA	ILLUMINA	NA	NA	/cds/yangili1/bjf79/Fastq/20220218_chRNAseq_NovaSeq/YLi-BF1-C04_S28_R1_001.fastq.gz	/cds/yangili1/bjf79/Fastq/20220218_chRNAseq_NovaSeq/YLi-BF1-C04_S28_R2_001.fastq.gz	GRCh38_GencodeRelease44Comprehensive	U	STAR
NA18498_naRNAseq	Fair	LCL	NuclearFractionation	naRNAseq	NA	ILLUMINA	NA	NA	/cds/yangili1/bjf79/Fastq/20220218_chRNAseq_NovaSeq/YLi-BF1-D11_S47_R1_001.fastq.gz	/cds/yangili1/bjf79/Fastq/20220218_chRNAseq_NovaSeq/YLi-BF1-D11_S47_R2_001.fastq.gz	GRCh38_GencodeRelease44Comprehensive	U	STAR
NA18499_naRNAseq	Fair	LCL	NuclearFractionation	naRNAseq	NA	ILLUMINA	NA	NA	/cds/yangili1/bjf79/Fastq/20220218_chRNAseq_NovaSeq/YLi-BF1-C05_S29_R1_001.fastq.gz	/cds/yangili1/bjf79/Fastq/20220218_chRNAseq_NovaSeq/YLi-BF1-C05_S29_R2_001.fastq.gz	GRCh38_GencodeRelease44Comprehensive	U	STAR
NA18502_naRNAseq	Fair	LCL	NuclearFractionation	naRNAseq	NA	ILLUMINA	NA	NA	/cds/yangili1/bjf79/Fastq/20220218_chRNAseq_NovaSeq/YLi-BF1-F01_S61_R1_001.fastq.gz	/cds/yangili1/bjf79/Fastq/20220218_chRNAseq_NovaSeq/YLi-BF1-F01_S61_R2_001.fastq.gz	GRCh38_GencodeRelease44Comprehensive	U	STAR
NA18505_naRNAseq	Fair	LCL	NuclearFractionation	naRNAseq	NA	ILLUMINA	NA	NA	/cds/yangili1/bjf79/Fastq/20220218_chRNAseq_NovaSeq/YLi-BF1-C10_S34_R1_001.fastq.gz	/cds/yangili1/bjf79/Fastq/20220218_chRNAseq_NovaSeq/YLi-BF1-C10_S34_R2_001.fastq.gz	GRCh38_GencodeRelease44Comprehensive	U	STAR
NA18508_naRNAseq	Fair	LCL	NuclearFractionation	naRNAseq	NA	ILLUMINA	NA	NA	/cds/yangili1/bjf79/Fastq/20220218_chRNAseq_NovaSeq/YLi-BF1-C11_S35_R1_001.fastq.gz	/cds/yangili1/bjf79/Fastq/20220218_chRNAseq_NovaSeq/YLi-BF1-C11_S35_R2_001.fastq.gz	GRCh38_GencodeRelease44Comprehensive	U	STAR
NA18510_naRNAseq	Fair	LCL	NuclearFractionation	naRNAseq	NA	ILLUMINA	NA	NA	/cds/yangili1/bjf79/Fastq/20220218_chRNAseq_NovaSeq/YLi-BF1-E10_S58_R1_001.fastq.gz	/cds/yangili1/bjf79/Fastq/20220218_chRNAseq_NovaSeq/YLi-BF1-E10_S58_R2_001.fastq.gz	GRCh38_GencodeRelease44Comprehensive	U	STAR
NA18511_naRNAseq	Fair	LCL	NuclearFractionation	naRNAseq	NA	ILLUMINA	NA	NA	/cds/yangili1/bjf79/Fastq/20220218_chRNAseq_NovaSeq/YLi-BF1-B04_S16_R1_001.fastq.gz	/cds/yangili1/bjf79/Fastq/20220218_chRNAseq_NovaSeq/YLi-BF1-B04_S16_R2_001.fastq.gz	GRCh38_GencodeRelease44Comprehensive	U	STAR
NA18519_naRNAseq	Fair	LCL	NuclearFractionation	naRNAseq	NA	ILLUMINA	NA	NA	/cds/yangili1/bjf79/Fastq/20220218_chRNAseq_NovaSeq/YLi-BF1-B02_S14_R1_001.fastq.gz	/cds/yangili1/bjf79/Fastq/20220218_chRNAseq_NovaSeq/YLi-BF1-B02_S14_R2_001.fastq.gz	GRCh38_GencodeRelease44Comprehensive	U	STAR
NA18520_naRNAseq	Fair	LCL	NuclearFractionation	naRNAseq	NA	ILLUMINA	NA	NA	/cds/yangili1/bjf79/Fastq/20220218_chRNAseq_NovaSeq/YLi-BF1-D03_S39_R1_001.fastq.gz	/cds/yangili1/bjf79/Fastq/20220218_chRNAseq_NovaSeq/YLi-BF1-D03_S39_R2_001.fastq.gz	GRCh38_GencodeRelease44Comprehensive	U	STAR
NA18858_naRNAseq	Fair	LCL	NuclearFractionation	naRNAseq	NA	ILLUMINA	NA	NA	/cds/yangili1/bjf79/Fastq/20220218_chRNAseq_NovaSeq/YLi-BF1-B05_S17_R1_001.fastq.gz	/cds/yangili1/bjf79/Fastq/20220218_chRNAseq_NovaSeq/YLi-BF1-B05_S17_R2_001.fastq.gz	GRCh38_GencodeRelease44Comprehensive	U	STAR
NA18867_naRNAseq	Fair	LCL	NuclearFractionation	naRNAseq	NA	ILLUMINA	NA	NA	/cds/yangili1/bjf79/Fastq/20220218_chRNAseq_NovaSeq/YLi-BF1-F11_S71_R1_001.fastq.gz	/cds/yangili1/bjf79/Fastq/20220218_chRNAseq_NovaSeq/YLi-BF1-F11_S71_R2_001.fastq.gz	GRCh38_GencodeRelease44Comprehensive	U	STAR
NA18868_naRNAseq	Fair	LCL	NuclearFractionation	naRNAseq	NA	ILLUMINA	NA	NA	/cds/yangili1/bjf79/Fastq/20220218_chRNAseq_NovaSeq/YLi-BF1-G11_S83_R1_001.fastq.gz	/cds/yangili1/bjf79/Fastq/20220218_chRNAseq_NovaSeq/YLi-BF1-G11_S83_R2_001.fastq.gz	GRCh38_GencodeRelease44Comprehensive	U	STAR
NA18870_naRNAseq	Fair	LCL	NuclearFractionation	naRNAseq	NA	ILLUMINA	NA	NA	/cds/yangili1/bjf79/Fastq/20220218_chRNAseq_NovaSeq/YLi-BF1-H01_S85_R1_001.fastq.gz	/cds/yangili1/bjf79/Fastq/20220218_chRNAseq_NovaSeq/YLi-BF1-H01_S85_R2_001.fastq.gz	GRCh38_GencodeRelease44Comprehensive	U	STAR
NA18909_naRNAseq	Fair	LCL	NuclearFractionation	naRNAseq	NA	ILLUMINA	NA	NA	/cds/yangili1/bjf79/Fastq/20220218_chRNAseq_NovaSeq/YLi-BF1-A10_S10_R1_001.fastq.gz	/cds/yangili1/bjf79/Fastq/20220218_chRNAseq_NovaSeq/YLi-BF1-A10_S10_R2_001.fastq.gz	GRCh38_GencodeRelease44Comprehensive	U	STAR
NA18910_naRNAseq	Fair	LCL	NuclearFractionation	naRNAseq	NA	ILLUMINA	NA	NA	/cds/yangili1/bjf79/Fastq/20220218_chRNAseq_NovaSeq/YLi-BF1-H03_S87_R1_001.fastq.gz	/cds/yangili1/bjf79/Fastq/20220218_chRNAseq_NovaSeq/YLi-BF1-H03_S87_R2_001.fastq.gz	GRCh38_GencodeRelease44Comprehensive	U	STAR
NA18917_naRNAseq	Fair	LCL	NuclearFractionation	naRNAseq	NA	ILLUMINA	NA	NA	/cds/yangili1/bjf79/Fastq/20220218_chRNAseq_NovaSeq/YLi-BF1-F08_S68_R1_001.fastq.gz	/cds/yangili1/bjf79/Fastq/20220218_chRNAseq_NovaSeq/YLi-BF1-F08_S68_R2_001.fastq.gz	GRCh38_GencodeRelease44Comprehensive	U	STAR
NA18923_naRNAseq	Fair	LCL	NuclearFractionation	naRNAseq	NA	ILLUMINA	NA	NA	/cds/yangili1/bjf79/Fastq/20220218_chRNAseq_NovaSeq/YLi-BF1-F06_S66_R1_001.fastq.gz	/cds/yangili1/bjf79/Fastq/20220218_chRNAseq_NovaSeq/YLi-BF1-F06_S66_R2_001.fastq.gz	GRCh38_GencodeRelease44Comprehensive	U	STAR
NA18934_naRNAseq	Fair	LCL	NuclearFractionation	naRNAseq	NA	ILLUMINA	NA	NA	/cds/yangili1/bjf79/Fastq/20220218_chRNAseq_NovaSeq/YLi-BF1-F07_S67_R1_001.fastq.gz	/cds/yangili1/bjf79/Fastq/20220218_chRNAseq_NovaSeq/YLi-BF1-F07_S67_R2_001.fastq.gz	GRCh38_GencodeRelease44Comprehensive	U	STAR
NA19092_naRNAseq	Fair	LCL	NuclearFractionation	naRNAseq	NA	ILLUMINA	NA	NA	/cds/yangili1/bjf79/Fastq/20220218_chRNAseq_NovaSeq/YLi-BF1-A07_S7_R1_001.fastq.gz	/cds/yangili1/bjf79/Fastq/20220218_chRNAseq_NovaSeq/YLi-BF1-A07_S7_R2_001.fastq.gz	GRCh38_GencodeRelease44Comprehensive	U	STAR
NA19093_naRNAseq	Fair	LCL	NuclearFractionation	naRNAseq	NA	ILLUMINA	NA	NA	/cds/yangili1/bjf79/Fastq/20220218_chRNAseq_NovaSeq/YLi-BF1-B09_S21_R1_001.fastq.gz	/cds/yangili1/bjf79/Fastq/20220218_chRNAseq_NovaSeq/YLi-BF1-B09_S21_R2_001.fastq.gz	GRCh38_GencodeRelease44Comprehensive	U	STAR
NA19095_naRNAseq	Fair	LCL	NuclearFractionation	naRNAseq	NA	ILLUMINA	NA	NA	/cds/yangili1/bjf79/Fastq/20220218_chRNAseq_NovaSeq/YLi-BF1-G07_S79_R1_001.fastq.gz	/cds/yangili1/bjf79/Fastq/20220218_chRNAseq_NovaSeq/YLi-BF1-G07_S79_R2_001.fastq.gz	GRCh38_GencodeRelease44Comprehensive	U	STAR
NA19096_naRNAseq	Fair	LCL	NuclearFractionation	naRNAseq	NA	ILLUMINA	NA	NA	/cds/yangili1/bjf79/Fastq/20220218_chRNAseq_NovaSeq/YLi-BF1-E03_S51_R1_001.fastq.gz	/cds/yangili1/bjf79/Fastq/20220218_chRNAseq_NovaSeq/YLi-BF1-E03_S51_R2_001.fastq.gz	GRCh38_GencodeRelease44Comprehensive	U	STAR
NA19098_naRNAseq	Fair	LCL	NuclearFractionation	naRNAseq	NA	ILLUMINA	NA	NA	/cds/yangili1/bjf79/Fastq/20220218_chRNAseq_NovaSeq/YLi-BF1-H07_S91_R1_001.fastq.gz	/cds/yangili1/bjf79/Fastq/20220218_chRNAseq_NovaSeq/YLi-BF1-H07_S91_R2_001.fastq.gz	GRCh38_GencodeRelease44Comprehensive	U	STAR
NA19099_naRNAseq	Fair	LCL	NuclearFractionation	naRNAseq	NA	ILLUMINA	NA	NA	/cds/yangili1/bjf79/Fastq/20220218_chRNAseq_NovaSeq/YLi-BF1-B10_S22_R1_001.fastq.gz	/cds/yangili1/bjf79/Fastq/20220218_chRNAseq_NovaSeq/YLi-BF1-B10_S22_R2_001.fastq.gz	GRCh38_GencodeRelease44Comprehensive	U	STAR
NA19102_naRNAseq	Fair	LCL	NuclearFractionation	naRNAseq	NA	ILLUMINA	NA	NA	/cds/yangili1/bjf79/Fastq/20220218_chRNAseq_NovaSeq/YLi-BF1-B11_S23_R1_001.fastq.gz	/cds/yangili1/bjf79/Fastq/20220218_chRNAseq_NovaSeq/YLi-BF1-B11_S23_R2_001.fastq.gz	GRCh38_GencodeRelease44Comprehensive	U	STAR
NA19107_naRNAseq	Fair	LCL	NuclearFractionation	naRNAseq	NA	ILLUMINA	NA	NA	/cds/yangili1/bjf79/Fastq/20220218_chRNAseq_NovaSeq/YLi-BF1-H10_S94_R1_001.fastq.gz	/cds/yangili1/bjf79/Fastq/20220218_chRNAseq_NovaSeq/YLi-BF1-H10_S94_R2_001.fastq.gz	GRCh38_GencodeRelease44Comprehensive	U	STAR
NA19108_naRNAseq	Fair	LCL	NuclearFractionation	naRNAseq	NA	ILLUMINA	NA	NA	/cds/yangili1/bjf79/Fastq/20220218_chRNAseq_NovaSeq/YLi-BF1-E05_S53_R1_001.fastq.gz	/cds/yangili1/bjf79/Fastq/20220218_chRNAseq_NovaSeq/YLi-BF1-E05_S53_R2_001.fastq.gz	GRCh38_GencodeRelease44Comprehensive	U	STAR
NA19114_naRNAseq	Fair	LCL	NuclearFractionation	naRNAseq	NA	ILLUMINA	NA	NA	/cds/yangili1/bjf79/Fastq/20220218_chRNAseq_NovaSeq/YLi-BF1-B12_S24_R1_001.fastq.gz	/cds/yangili1/bjf79/Fastq/20220218_chRNAseq_NovaSeq/YLi-BF1-B12_S24_R2_001.fastq.gz	GRCh38_GencodeRelease44Comprehensive	U	STAR
NA19117_naRNAseq	Fair	LCL	NuclearFractionation	naRNAseq	NA	ILLUMINA	NA	NA	/cds/yangili1/bjf79/Fastq/20220218_chRNAseq_NovaSeq/YLi-BF1-F03_S63_R1_001.fastq.gz	/cds/yangili1/bjf79/Fastq/20220218_chRNAseq_NovaSeq/YLi-BF1-F03_S63_R2_001.fastq.gz	GRCh38_GencodeRelease44Comprehensive	U	STAR
NA19118_naRNAseq	Fair	LCL	NuclearFractionation	naRNAseq	NA	ILLUMINA	NA	NA	/cds/yangili1/bjf79/Fastq/20220218_chRNAseq_NovaSeq/YLi-BF1-H11_S95_R1_001.fastq.gz	/cds/yangili1/bjf79/Fastq/20220218_chRNAseq_NovaSeq/YLi-BF1-H11_S95_R2_001.fastq.gz	GRCh38_GencodeRelease44Comprehensive	U	STAR
NA19119_naRNAseq	Fair	LCL	NuclearFractionation	naRNAseq	NA	ILLUMINA	NA	NA	/cds/yangili1/bjf79/Fastq/20220218_chRNAseq_NovaSeq/YLi-BF1-A09_S9_R1_001.fastq.gz	/cds/yangili1/bjf79/Fastq/20220218_chRNAseq_NovaSeq/YLi-BF1-A09_S9_R2_001.fastq.gz	GRCh38_GencodeRelease44Comprehensive	U	STAR
NA19121_naRNAseq	Fair	LCL	NuclearFractionation	naRNAseq	NA	ILLUMINA	NA	NA	/cds/yangili1/bjf79/Fastq/20220218_chRNAseq_NovaSeq/YLi-BF1-H09_S93_R1_001.fastq.gz	/cds/yangili1/bjf79/Fastq/20220218_chRNAseq_NovaSeq/YLi-BF1-H09_S93_R2_001.fastq.gz	GRCh38_GencodeRelease44Comprehensive	U	STAR
NA19130_naRNAseq	Fair	LCL	NuclearFractionation	naRNAseq	NA	ILLUMINA	NA	NA	/cds/yangili1/bjf79/Fastq/20220218_chRNAseq_NovaSeq/YLi-BF1-B01_S13_R1_001.fastq.gz	/cds/yangili1/bjf79/Fastq/20220218_chRNAseq_NovaSeq/YLi-BF1-B01_S13_R2_001.fastq.gz	GRCh38_GencodeRelease44Comprehensive	U	STAR
NA19131_naRNAseq	Fair	LCL	NuclearFractionation	naRNAseq	NA	ILLUMINA	NA	NA	/cds/yangili1/bjf79/Fastq/20220218_chRNAseq_NovaSeq/YLi-BF1-A12_S12_R1_001.fastq.gz	/cds/yangili1/bjf79/Fastq/20220218_chRNAseq_NovaSeq/YLi-BF1-A12_S12_R2_001.fastq.gz	GRCh38_GencodeRelease44Comprehensive	U	STAR
NA19137_naRNAseq	Fair	LCL	NuclearFractionation	naRNAseq	NA	ILLUMINA	NA	NA	/cds/yangili1/bjf79/Fastq/20220218_chRNAseq_NovaSeq/YLi-BF1-A01_S1_R1_001.fastq.gz	/cds/yangili1/bjf79/Fastq/20220218_chRNAseq_NovaSeq/YLi-BF1-A01_S1_R2_001.fastq.gz	GRCh38_GencodeRelease44Comprehensive	U	STAR
NA19138_naRNAseq	Fair	LCL	NuclearFractionation	naRNAseq	NA	ILLUMINA	NA	NA	/cds/yangili1/bjf79/Fastq/20220218_chRNAseq_NovaSeq/YLi-BF1-B06_S18_R1_001.fastq.gz	/cds/yangili1/bjf79/Fastq/20220218_chRNAseq_NovaSeq/YLi-BF1-B06_S18_R2_001.fastq.gz	GRCh38_GencodeRelease44Comprehensive	U	STAR
NA19141_naRNAseq	Fair	LCL	NuclearFractionation	naRNAseq	NA	ILLUMINA	NA	NA	/cds/yangili1/bjf79/Fastq/20220218_chRNAseq_NovaSeq/YLi-BF1-H06_S90_R1_001.fastq.gz	/cds/yangili1/bjf79/Fastq/20220218_chRNAseq_NovaSeq/YLi-BF1-H06_S90_R2_001.fastq.gz	GRCh38_GencodeRelease44Comprehensive	U	STAR
NA19143_naRNAseq	Fair	LCL	NuclearFractionation	naRNAseq	NA	ILLUMINA	NA	NA	/cds/yangili1/bjf79/Fastq/20220218_chRNAseq_NovaSeq/YLi-BF1-H12_S96_R1_001.fastq.gz	/cds/yangili1/bjf79/Fastq/20220218_chRNAseq_NovaSeq/YLi-BF1-H12_S96_R2_001.fastq.gz	GRCh38_GencodeRelease44Comprehensive	U	STAR
NA19146_naRNAseq	Fair	LCL	NuclearFractionation	naRNAseq	NA	ILLUMINA	NA	NA	/cds/yangili1/bjf79/Fastq/20220218_chRNAseq_NovaSeq/YLi-BF1-E01_S49_R1_001.fastq.gz	/cds/yangili1/bjf79/Fastq/20220218_chRNAseq_NovaSeq/YLi-BF1-E01_S49_R2_001.fastq.gz	GRCh38_GencodeRelease44Comprehensive	U	STAR
NA19147_naRNAseq	Fair	LCL	NuclearFractionation	naRNAseq	NA	ILLUMINA	NA	NA	/cds/yangili1/bjf79/Fastq/20220218_chRNAseq_NovaSeq/YLi-BF1-E11_S59_R1_001.fastq.gz	/cds/yangili1/bjf79/Fastq/20220218_chRNAseq_NovaSeq/YLi-BF1-E11_S59_R2_001.fastq.gz	GRCh38_GencodeRelease44Comprehensive	U	STAR
NA19150_naRNAseq	Fair	LCL	NuclearFractionation	naRNAseq	NA	ILLUMINA	NA	NA	/cds/yangili1/bjf79/Fastq/20220218_chRNAseq_NovaSeq/YLi-BF1-E02_S50_R1_001.fastq.gz	/cds/yangili1/bjf79/Fastq/20220218_chRNAseq_NovaSeq/YLi-BF1-E02_S50_R2_001.fastq.gz	GRCh38_GencodeRelease44Comprehensive	U	STAR
NA19152_naRNAseq	Fair	LCL	NuclearFractionation	naRNAseq	NA	ILLUMINA	NA	NA	/cds/yangili1/bjf79/Fastq/20220218_chRNAseq_NovaSeq/YLi-BF1-A02_S2_R1_001.fastq.gz	/cds/yangili1/bjf79/Fastq/20220218_chRNAseq_NovaSeq/YLi-BF1-A02_S2_R2_001.fastq.gz	GRCh38_GencodeRelease44Comprehensive	U	STAR
NA19153_naRNAseq	Fair	LCL	NuclearFractionation	naRNAseq	NA	ILLUMINA	NA	NA	/cds/yangili1/bjf79/Fastq/20220218_chRNAseq_NovaSeq/YLi-BF1-G08_S80_R1_001.fastq.gz	/cds/yangili1/bjf79/Fastq/20220218_chRNAseq_NovaSeq/YLi-BF1-G08_S80_R2_001.fastq.gz	GRCh38_GencodeRelease44Comprehensive	U	STAR
NA19160_naRNAseq	Fair	LCL	NuclearFractionation	naRNAseq	NA	ILLUMINA	NA	NA	/cds/yangili1/bjf79/Fastq/20220218_chRNAseq_NovaSeq/YLi-BF1-A06_S6_R1_001.fastq.gz	/cds/yangili1/bjf79/Fastq/20220218_chRNAseq_NovaSeq/YLi-BF1-A06_S6_R2_001.fastq.gz	GRCh38_GencodeRelease44Comprehensive	U	STAR
NA19171_naRNAseq	Fair	LCL	NuclearFractionation	naRNAseq	NA	ILLUMINA	NA	NA	/cds/yangili1/bjf79/Fastq/20220218_chRNAseq_NovaSeq/YLi-BF1-A04_S4_R1_001.fastq.gz	/cds/yangili1/bjf79/Fastq/20220218_chRNAseq_NovaSeq/YLi-BF1-A04_S4_R2_001.fastq.gz	GRCh38_GencodeRelease44Comprehensive	U	STAR
NA19184_naRNAseq	Fair	LCL	NuclearFractionation	naRNAseq	NA	ILLUMINA	NA	NA	/cds/yangili1/bjf79/Fastq/20220218_chRNAseq_NovaSeq/YLi-BF1-D10_S46_R1_001.fastq.gz	/cds/yangili1/bjf79/Fastq/20220218_chRNAseq_NovaSeq/YLi-BF1-D10_S46_R2_001.fastq.gz	GRCh38_GencodeRelease44Comprehensive	U	STAR
NA19190_naRNAseq	Fair	LCL	NuclearFractionation	naRNAseq	NA	ILLUMINA	NA	NA	/cds/yangili1/bjf79/Fastq/20220218_chRNAseq_NovaSeq/YLi-BF1-C02_S26_R1_001.fastq.gz	/cds/yangili1/bjf79/Fastq/20220218_chRNAseq_NovaSeq/YLi-BF1-C02_S26_R2_001.fastq.gz	GRCh38_GencodeRelease44Comprehensive	U	STAR
NA19198_naRNAseq	Fair	LCL	NuclearFractionation	naRNAseq	NA	ILLUMINA	NA	NA	/cds/yangili1/bjf79/Fastq/20220218_chRNAseq_NovaSeq/YLi-BF1-E04_S52_R1_001.fastq.gz	/cds/yangili1/bjf79/Fastq/20220218_chRNAseq_NovaSeq/YLi-BF1-E04_S52_R2_001.fastq.gz	GRCh38_GencodeRelease44Comprehensive	U	STAR
NA19200_naRNAseq	Fair	LCL	NuclearFractionation	naRNAseq	NA	ILLUMINA	NA	NA	/cds/yangili1/bjf79/Fastq/20220218_chRNAseq_NovaSeq/YLi-BF1-A05_S5_R1_001.fastq.gz	/cds/yangili1/bjf79/Fastq/20220218_chRNAseq_NovaSeq/YLi-BF1-A05_S5_R2_001.fastq.gz	GRCh38_GencodeRelease44Comprehensive	U	STAR
NA19201_naRNAseq	Fair	LCL	NuclearFractionation	naRNAseq	NA	ILLUMINA	NA	NA	/cds/yangili1/bjf79/Fastq/20220218_chRNAseq_NovaSeq/YLi-BF1-C06_S30_R1_001.fastq.gz	/cds/yangili1/bjf79/Fastq/20220218_chRNAseq_NovaSeq/YLi-BF1-C06_S30_R2_001.fastq.gz	GRCh38_GencodeRelease44Comprehensive	U	STAR
NA19206_naRNAseq	Fair	LCL	NuclearFractionation	naRNAseq	NA	ILLUMINA	NA	NA	/cds/yangili1/bjf79/Fastq/20220218_chRNAseq_NovaSeq/YLi-BF1-F04_S64_R1_001.fastq.gz	/cds/yangili1/bjf79/Fastq/20220218_chRNAseq_NovaSeq/YLi-BF1-F04_S64_R2_001.fastq.gz	GRCh38_GencodeRelease44Comprehensive	U	STAR
NA19207_naRNAseq	Fair	LCL	NuclearFractionation	naRNAseq	NA	ILLUMINA	NA	NA	/cds/yangili1/bjf79/Fastq/20220218_chRNAseq_NovaSeq/YLi-BF1-D07_S43_R1_001.fastq.gz	/cds/yangili1/bjf79/Fastq/20220218_chRNAseq_NovaSeq/YLi-BF1-D07_S43_R2_001.fastq.gz	GRCh38_GencodeRelease44Comprehensive	U	STAR
NA19209_naRNAseq	Fair	LCL	NuclearFractionation	naRNAseq	NA	ILLUMINA	NA	NA	/cds/yangili1/bjf79/Fastq/20220218_chRNAseq_NovaSeq/YLi-BF1-D05_S41_R1_001.fastq.gz	/cds/yangili1/bjf79/Fastq/20220218_chRNAseq_NovaSeq/YLi-BF1-D05_S41_R2_001.fastq.gz	GRCh38_GencodeRelease44Comprehensive	U	STAR
NA19210_naRNAseq	Fair	LCL	NuclearFractionation	naRNAseq	NA	ILLUMINA	NA	NA	/cds/yangili1/bjf79/Fastq/20220218_chRNAseq_NovaSeq/YLi-BF1-A08_S8_R1_001.fastq.gz	/cds/yangili1/bjf79/Fastq/20220218_chRNAseq_NovaSeq/YLi-BF1-A08_S8_R2_001.fastq.gz	GRCh38_GencodeRelease44Comprehensive	U	STAR
NA19213_naRNAseq	Fair	LCL	NuclearFractionation	naRNAseq	NA	ILLUMINA	NA	NA	/cds/yangili1/bjf79/Fastq/20220218_chRNAseq_NovaSeq/YLi-BF1-H08_S92_R1_001.fastq.gz	/cds/yangili1/bjf79/Fastq/20220218_chRNAseq_NovaSeq/YLi-BF1-H08_S92_R2_001.fastq.gz	GRCh38_GencodeRelease44Comprehensive	U	STAR
NA19214_naRNAseq	Fair	LCL	NuclearFractionation	naRNAseq	NA	ILLUMINA	NA	NA	/cds/yangili1/bjf79/Fastq/20220218_chRNAseq_NovaSeq/YLi-BF1-F05_S65_R1_001.fastq.gz	/cds/yangili1/bjf79/Fastq/20220218_chRNAseq_NovaSeq/YLi-BF1-F05_S65_R2_001.fastq.gz	GRCh38_GencodeRelease44Comprehensive	U	STAR
NA19225_naRNAseq	Fair	LCL	NuclearFractionation	naRNAseq	NA	ILLUMINA	NA	NA	/cds/yangili1/bjf79/Fastq/20220218_chRNAseq_NovaSeq/YLi-BF1-D06_S42_R1_001.fastq.gz	/cds/yangili1/bjf79/Fastq/20220218_chRNAseq_NovaSeq/YLi-BF1-D06_S42_R2_001.fastq.gz	GRCh38_GencodeRelease44Comprehensive	U	STAR
NA19236_naRNAseq	Fair	LCL	NuclearFractionation	naRNAseq	NA	ILLUMINA	NA	NA	/cds/yangili1/bjf79/Fastq/20220218_chRNAseq_NovaSeq/YLi-BF1-G10_S82_R1_001.fastq.gz	/cds/yangili1/bjf79/Fastq/20220218_chRNAseq_NovaSeq/YLi-BF1-G10_S82_R2_001.fastq.gz	GRCh38_GencodeRelease44Comprehensive	U	STAR
NA19247_naRNAseq	Fair	LCL	NuclearFractionation	naRNAseq	NA	ILLUMINA	NA	NA	/cds/yangili1/bjf79/Fastq/20220218_chRNAseq_NovaSeq/YLi-BF1-G01_S73_R1_001.fastq.gz	/cds/yangili1/bjf79/Fastq/20220218_chRNAseq_NovaSeq/YLi-BF1-G01_S73_R2_001.fastq.gz	GRCh38_GencodeRelease44Comprehensive	U	STAR
NA19257_naRNAseq	Fair	LCL	NuclearFractionation	naRNAseq	NA	ILLUMINA	NA	NA	/cds/yangili1/bjf79/Fastq/20220218_chRNAseq_NovaSeq/YLi-BF1-D02_S38_R1_001.fastq.gz	/cds/yangili1/bjf79/Fastq/20220218_chRNAseq_NovaSeq/YLi-BF1-D02_S38_R2_001.fastq.gz	GRCh38_GencodeRelease44Comprehensive	U	STAR
NA18486_SteadyStateRNAseq	GEUVADIS	LCL	NuclearFractionation	SteadyStateRNAseq	NA	ILLUMINA	ftp://ftp.sra.ebi.ac.uk/vol1/fastq/ERR188/ERR188214/ERR188214_1.fastq.gz	ftp://ftp.sra.ebi.ac.uk/vol1/fastq/ERR188/ERR188214/ERR188214_2.fastq.gz	NA	NA	GRCh38_GencodeRelease44Comprehensive	U	STAR
NA18498_SteadyStateRNAseq	GEUVADIS	LCL	NuclearFractionation	SteadyStateRNAseq	NA	ILLUMINA	ftp://ftp.sra.ebi.ac.uk/vol1/fastq/ERR188/ERR188044/ERR188044_1.fastq.gz	ftp://ftp.sra.ebi.ac.uk/vol1/fastq/ERR188/ERR188044/ERR188044_2.fastq.gz	NA	NA	GRCh38_GencodeRelease44Comprehensive	U	STAR
NA18499_SteadyStateRNAseq	GEUVADIS	LCL	NuclearFractionation	SteadyStateRNAseq	NA	ILLUMINA	ftp://ftp.sra.ebi.ac.uk/vol1/fastq/ERR188/ERR188449/ERR188449_1.fastq.gz	ftp://ftp.sra.ebi.ac.uk/vol1/fastq/ERR188/ERR188449/ERR188449_2.fastq.gz	NA	NA	GRCh38_GencodeRelease44Comprehensive	U	STAR
NA18502_SteadyStateRNAseq	GEUVADIS	LCL	NuclearFractionation	SteadyStateRNAseq	NA	ILLUMINA	ftp://ftp.sra.ebi.ac.uk/vol1/fastq/ERR188/ERR188158/ERR188158_1.fastq.gz	ftp://ftp.sra.ebi.ac.uk/vol1/fastq/ERR188/ERR188158/ERR188158_2.fastq.gz	NA	NA	GRCh38_GencodeRelease44Comprehensive	U	STAR
NA18505_SteadyStateRNAseq	GEUVADIS	LCL	NuclearFractionation	SteadyStateRNAseq	NA	ILLUMINA	ftp://ftp.sra.ebi.ac.uk/vol1/fastq/ERR188/ERR188273/ERR188273_1.fastq.gz	ftp://ftp.sra.ebi.ac.uk/vol1/fastq/ERR188/ERR188273/ERR188273_2.fastq.gz	NA	NA	GRCh38_GencodeRelease44Comprehensive	U	STAR
NA18508_SteadyStateRNAseq	GEUVADIS	LCL	NuclearFractionation	SteadyStateRNAseq	NA	ILLUMINA	ftp://ftp.sra.ebi.ac.uk/vol1/fastq/ERR188/ERR188162/ERR188162_1.fastq.gz	ftp://ftp.sra.ebi.ac.uk/vol1/fastq/ERR188/ERR188162/ERR188162_2.fastq.gz	NA	NA	GRCh38_GencodeRelease44Comprehensive	U	STAR
NA18510_SteadyStateRNAseq	GEUVADIS	LCL	NuclearFractionation	SteadyStateRNAseq	NA	ILLUMINA	ftp://ftp.sra.ebi.ac.uk/vol1/fastq/ERR188/ERR188165/ERR188165_1.fastq.gz	ftp://ftp.sra.ebi.ac.uk/vol1/fastq/ERR188/ERR188165/ERR188165_2.fastq.gz	NA	NA	GRCh38_GencodeRelease44Comprehensive	U	STAR
NA18511_SteadyStateRNAseq	GEUVADIS	LCL	NuclearFractionation	SteadyStateRNAseq	NA	ILLUMINA	ftp://ftp.sra.ebi.ac.uk/vol1/fastq/ERR188/ERR188097/ERR188097_1.fastq.gz	ftp://ftp.sra.ebi.ac.uk/vol1/fastq/ERR188/ERR188097/ERR188097_2.fastq.gz	NA	NA	GRCh38_GencodeRelease44Comprehensive	U	STAR
NA18519_SteadyStateRNAseq	GEUVADIS	LCL	NuclearFractionation	SteadyStateRNAseq	NA	ILLUMINA	ftp://ftp.sra.ebi.ac.uk/vol1/fastq/ERR188/ERR188200/ERR188200_1.fastq.gz	ftp://ftp.sra.ebi.ac.uk/vol1/fastq/ERR188/ERR188200/ERR188200_2.fastq.gz	NA	NA	GRCh38_GencodeRelease44Comprehensive	U	STAR
NA18520_SteadyStateRNAseq	GEUVADIS	LCL	NuclearFractionation	SteadyStateRNAseq	NA	ILLUMINA	ftp://ftp.sra.ebi.ac.uk/vol1/fastq/ERR188/ERR188085/ERR188085_1.fastq.gz	ftp://ftp.sra.ebi.ac.uk/vol1/fastq/ERR188/ERR188085/ERR188085_2.fastq.gz	NA	NA	GRCh38_GencodeRelease44Comprehensive	U	STAR
NA18858_SteadyStateRNAseq	GEUVADIS	LCL	NuclearFractionation	SteadyStateRNAseq	NA	ILLUMINA	ftp://ftp.sra.ebi.ac.uk/vol1/fastq/ERR188/ERR188375/ERR188375_1.fastq.gz	ftp://ftp.sra.ebi.ac.uk/vol1/fastq/ERR188/ERR188375/ERR188375_2.fastq.gz	NA	NA	GRCh38_GencodeRelease44Comprehensive	U	STAR
NA18867_SteadyStateRNAseq	GEUVADIS	LCL	NuclearFractionation	SteadyStateRNAseq	NA	ILLUMINA	ftp://ftp.sra.ebi.ac.uk/vol1/fastq/ERR188/ERR188298/ERR188298_1.fastq.gz	ftp://ftp.sra.ebi.ac.uk/vol1/fastq/ERR188/ERR188298/ERR188298_2.fastq.gz	NA	NA	GRCh38_GencodeRelease44Comprehensive	U	STAR
NA18868_SteadyStateRNAseq	GEUVADIS	LCL	NuclearFractionation	SteadyStateRNAseq	NA	ILLUMINA	ftp://ftp.sra.ebi.ac.uk/vol1/fastq/ERR188/ERR188344/ERR188344_1.fastq.gz	ftp://ftp.sra.ebi.ac.uk/vol1/fastq/ERR188/ERR188344/ERR188344_2.fastq.gz	NA	NA	GRCh38_GencodeRelease44Comprehensive	U	STAR
NA18870_SteadyStateRNAseq	GEUVADIS	LCL	NuclearFractionation	SteadyStateRNAseq	NA	ILLUMINA	ftp://ftp.sra.ebi.ac.uk/vol1/fastq/ERR188/ERR188373/ERR188373_1.fastq.gz	ftp://ftp.sra.ebi.ac.uk/vol1/fastq/ERR188/ERR188373/ERR188373_2.fastq.gz	NA	NA	GRCh38_GencodeRelease44Comprehensive	U	STAR
NA18909_SteadyStateRNAseq	GEUVADIS	LCL	NuclearFractionation	SteadyStateRNAseq	NA	ILLUMINA	ftp://ftp.sra.ebi.ac.uk/vol1/fastq/ERR188/ERR188352/ERR188352_1.fastq.gz	ftp://ftp.sra.ebi.ac.uk/vol1/fastq/ERR188/ERR188352/ERR188352_2.fastq.gz	NA	NA	GRCh38_GencodeRelease44Comprehensive	U	STAR
NA18910_SteadyStateRNAseq	GEUVADIS	LCL	NuclearFractionation	SteadyStateRNAseq	NA	ILLUMINA	ftp://ftp.sra.ebi.ac.uk/vol1/fastq/ERR188/ERR188442/ERR188442_1.fastq.gz	ftp://ftp.sra.ebi.ac.uk/vol1/fastq/ERR188/ERR188442/ERR188442_2.fastq.gz	NA	NA	GRCh38_GencodeRelease44Comprehensive	U	STAR
NA18917_SteadyStateRNAseq	GEUVADIS	LCL	NuclearFractionation	SteadyStateRNAseq	NA	ILLUMINA	ftp://ftp.sra.ebi.ac.uk/vol1/fastq/ERR188/ERR188139/ERR188139_1.fastq.gz	ftp://ftp.sra.ebi.ac.uk/vol1/fastq/ERR188/ERR188139/ERR188139_2.fastq.gz	NA	NA	GRCh38_GencodeRelease44Comprehensive	U	STAR
NA18923_SteadyStateRNAseq	GEUVADIS	LCL	NuclearFractionation	SteadyStateRNAseq	NA	ILLUMINA	ftp://ftp.sra.ebi.ac.uk/vol1/fastq/ERR188/ERR188409/ERR188409_1.fastq.gz	ftp://ftp.sra.ebi.ac.uk/vol1/fastq/ERR188/ERR188409/ERR188409_2.fastq.gz	NA	NA	GRCh38_GencodeRelease44Comprehensive	U	STAR
NA18934_SteadyStateRNAseq	GEUVADIS	LCL	NuclearFractionation	SteadyStateRNAseq	NA	ILLUMINA	ftp://ftp.sra.ebi.ac.uk/vol1/fastq/ERR188/ERR188447/ERR188447_1.fastq.gz	ftp://ftp.sra.ebi.ac.uk/vol1/fastq/ERR188/ERR188447/ERR188447_2.fastq.gz	NA	NA	GRCh38_GencodeRelease44Comprehensive	U	STAR
NA19092_SteadyStateRNAseq	GEUVADIS	LCL	NuclearFractionation	SteadyStateRNAseq	NA	ILLUMINA	ftp://ftp.sra.ebi.ac.uk/vol1/fastq/ERR188/ERR188128/ERR188128_1.fastq.gz	ftp://ftp.sra.ebi.ac.uk/vol1/fastq/ERR188/ERR188128/ERR188128_2.fastq.gz	NA	NA	GRCh38_GencodeRelease44Comprehensive	U	STAR
NA19093_SteadyStateRNAseq	GEUVADIS	LCL	NuclearFractionation	SteadyStateRNAseq	NA	ILLUMINA	ftp://ftp.sra.ebi.ac.uk/vol1/fastq/ERR188/ERR188476/ERR188476_1.fastq.gz	ftp://ftp.sra.ebi.ac.uk/vol1/fastq/ERR188/ERR188476/ERR188476_2.fastq.gz	NA	NA	GRCh38_GencodeRelease44Comprehensive	U	STAR
NA19095_SteadyStateRNAseq	GEUVADIS	LCL	NuclearFractionation	SteadyStateRNAseq	NA	ILLUMINA	ftp://ftp.sra.ebi.ac.uk/vol1/fastq/ERR188/ERR188268/ERR188268_1.fastq.gz	ftp://ftp.sra.ebi.ac.uk/vol1/fastq/ERR188/ERR188268/ERR188268_2.fastq.gz	NA	NA	GRCh38_GencodeRelease44Comprehensive	U	STAR
NA19096_SteadyStateRNAseq	GEUVADIS	LCL	NuclearFractionation	SteadyStateRNAseq	NA	ILLUMINA	ftp://ftp.sra.ebi.ac.uk/vol1/fastq/ERR188/ERR188069/ERR188069_1.fastq.gz	ftp://ftp.sra.ebi.ac.uk/vol1/fastq/ERR188/ERR188069/ERR188069_2.fastq.gz	NA	NA	GRCh38_GencodeRelease44Comprehensive	U	STAR
NA19098_SteadyStateRNAseq	GEUVADIS	LCL	NuclearFractionation	SteadyStateRNAseq	NA	ILLUMINA	ftp://ftp.sra.ebi.ac.uk/vol1/fastq/ERR188/ERR188243/ERR188243_1.fastq.gz	ftp://ftp.sra.ebi.ac.uk/vol1/fastq/ERR188/ERR188243/ERR188243_2.fastq.gz	NA	NA	GRCh38_GencodeRelease44Comprehensive	U	STAR
NA19099_SteadyStateRNAseq	GEUVADIS	LCL	NuclearFractionation	SteadyStateRNAseq	NA	ILLUMINA	ftp://ftp.sra.ebi.ac.uk/vol1/fastq/ERR188/ERR188188/ERR188188_1.fastq.gz	ftp://ftp.sra.ebi.ac.uk/vol1/fastq/ERR188/ERR188188/ERR188188_2.fastq.gz	NA	NA	GRCh38_GencodeRelease44Comprehensive	U	STAR
NA19102_SteadyStateRNAseq	GEUVADIS	LCL	NuclearFractionation	SteadyStateRNAseq	NA	ILLUMINA	ftp://ftp.sra.ebi.ac.uk/vol1/fastq/ERR188/ERR188367/ERR188367_1.fastq.gz	ftp://ftp.sra.ebi.ac.uk/vol1/fastq/ERR188/ERR188367/ERR188367_2.fastq.gz	NA	NA	GRCh38_GencodeRelease44Comprehensive	U	STAR
NA19107_SteadyStateRNAseq	GEUVADIS	LCL	NuclearFractionation	SteadyStateRNAseq	NA	ILLUMINA	ftp://ftp.sra.ebi.ac.uk/vol1/fastq/ERR188/ERR188423/ERR188423_1.fastq.gz	ftp://ftp.sra.ebi.ac.uk/vol1/fastq/ERR188/ERR188423/ERR188423_2.fastq.gz	NA	NA	GRCh38_GencodeRelease44Comprehensive	U	STAR
NA19108_SteadyStateRNAseq	GEUVADIS	LCL	NuclearFractionation	SteadyStateRNAseq	NA	ILLUMINA	ftp://ftp.sra.ebi.ac.uk/vol1/fastq/ERR188/ERR188261/ERR188261_1.fastq.gz	ftp://ftp.sra.ebi.ac.uk/vol1/fastq/ERR188/ERR188261/ERR188261_2.fastq.gz	NA	NA	GRCh38_GencodeRelease44Comprehensive	U	STAR
NA19114_SteadyStateRNAseq	GEUVADIS	LCL	NuclearFractionation	SteadyStateRNAseq	NA	ILLUMINA	ftp://ftp.sra.ebi.ac.uk/vol1/fastq/ERR188/ERR188178/ERR188178_1.fastq.gz	ftp://ftp.sra.ebi.ac.uk/vol1/fastq/ERR188/ERR188178/ERR188178_2.fastq.gz	NA	NA	GRCh38_GencodeRelease44Comprehensive	U	STAR
NA19117_SteadyStateRNAseq	GEUVADIS	LCL	NuclearFractionation	SteadyStateRNAseq	NA	ILLUMINA	ftp://ftp.sra.ebi.ac.uk/vol1/fastq/ERR188/ERR188365/ERR188365_1.fastq.gz	ftp://ftp.sra.ebi.ac.uk/vol1/fastq/ERR188/ERR188365/ERR188365_2.fastq.gz	NA	NA	GRCh38_GencodeRelease44Comprehensive	U	STAR
NA19118_SteadyStateRNAseq	GEUVADIS	LCL	NuclearFractionation	SteadyStateRNAseq	NA	ILLUMINA	ftp://ftp.sra.ebi.ac.uk/vol1/fastq/ERR188/ERR188066/ERR188066_1.fastq.gz	ftp://ftp.sra.ebi.ac.uk/vol1/fastq/ERR188/ERR188066/ERR188066_2.fastq.gz	NA	NA	GRCh38_GencodeRelease44Comprehensive	U	STAR
NA19119_SteadyStateRNAseq	GEUVADIS	LCL	NuclearFractionation	SteadyStateRNAseq	NA	ILLUMINA	ftp://ftp.sra.ebi.ac.uk/vol1/fastq/ERR188/ERR188030/ERR188030_1.fastq.gz	ftp://ftp.sra.ebi.ac.uk/vol1/fastq/ERR188/ERR188030/ERR188030_2.fastq.gz	NA	NA	GRCh38_GencodeRelease44Comprehensive	U	STAR
NA19121_SteadyStateRNAseq	GEUVADIS	LCL	NuclearFractionation	SteadyStateRNAseq	NA	ILLUMINA	ftp://ftp.sra.ebi.ac.uk/vol1/fastq/ERR188/ERR188109/ERR188109_1.fastq.gz	ftp://ftp.sra.ebi.ac.uk/vol1/fastq/ERR188/ERR188109/ERR188109_2.fastq.gz	NA	NA	GRCh38_GencodeRelease44Comprehensive	U	STAR
NA19130_SteadyStateRNAseq	GEUVADIS	LCL	NuclearFractionation	SteadyStateRNAseq	NA	ILLUMINA	ftp://ftp.sra.ebi.ac.uk/vol1/fastq/ERR188/ERR188471/ERR188471_1.fastq.gz	ftp://ftp.sra.ebi.ac.uk/vol1/fastq/ERR188/ERR188471/ERR188471_2.fastq.gz	NA	NA	GRCh38_GencodeRelease44Comprehensive	U	STAR
NA19131_SteadyStateRNAseq	GEUVADIS	LCL	NuclearFractionation	SteadyStateRNAseq	NA	ILLUMINA	ftp://ftp.sra.ebi.ac.uk/vol1/fastq/ERR188/ERR188170/ERR188170_1.fastq.gz	ftp://ftp.sra.ebi.ac.uk/vol1/fastq/ERR188/ERR188170/ERR188170_2.fastq.gz	NA	NA	GRCh38_GencodeRelease44Comprehensive	U	STAR
NA19137_SteadyStateRNAseq	GEUVADIS	LCL	NuclearFractionation	SteadyStateRNAseq	NA	ILLUMINA	ftp://ftp.sra.ebi.ac.uk/vol1/fastq/ERR188/ERR188072/ERR188072_1.fastq.gz	ftp://ftp.sra.ebi.ac.uk/vol1/fastq/ERR188/ERR188072/ERR188072_2.fastq.gz	NA	NA	GRCh38_GencodeRelease44Comprehensive	U	STAR
NA19138_SteadyStateRNAseq	GEUVADIS	LCL	NuclearFractionation	SteadyStateRNAseq	NA	ILLUMINA	ftp://ftp.sra.ebi.ac.uk/vol1/fastq/ERR188/ERR188306/ERR188306_1.fastq.gz	ftp://ftp.sra.ebi.ac.uk/vol1/fastq/ERR188/ERR188306/ERR188306_2.fastq.gz	NA	NA	GRCh38_GencodeRelease44Comprehensive	U	STAR
NA19141_SteadyStateRNAseq	GEUVADIS	LCL	NuclearFractionation	SteadyStateRNAseq	NA	ILLUMINA	ftp://ftp.sra.ebi.ac.uk/vol1/fastq/ERR188/ERR188193/ERR188193_1.fastq.gz	ftp://ftp.sra.ebi.ac.uk/vol1/fastq/ERR188/ERR188193/ERR188193_2.fastq.gz	NA	NA	GRCh38_GencodeRelease44Comprehensive	U	STAR
NA19143_SteadyStateRNAseq	GEUVADIS	LCL	NuclearFractionation	SteadyStateRNAseq	NA	ILLUMINA	ftp://ftp.sra.ebi.ac.uk/vol1/fastq/ERR188/ERR188459/ERR188459_1.fastq.gz	ftp://ftp.sra.ebi.ac.uk/vol1/fastq/ERR188/ERR188459/ERR188459_2.fastq.gz	NA	NA	GRCh38_GencodeRelease44Comprehensive	U	STAR
NA19146_SteadyStateRNAseq	GEUVADIS	LCL	NuclearFractionation	SteadyStateRNAseq	NA	ILLUMINA	ftp://ftp.sra.ebi.ac.uk/vol1/fastq/ERR188/ERR188104/ERR188104_1.fastq.gz	ftp://ftp.sra.ebi.ac.uk/vol1/fastq/ERR188/ERR188104/ERR188104_2.fastq.gz	NA	NA	GRCh38_GencodeRelease44Comprehensive	U	STAR
NA19147_SteadyStateRNAseq	GEUVADIS	LCL	NuclearFractionation	SteadyStateRNAseq	NA	ILLUMINA	ftp://ftp.sra.ebi.ac.uk/vol1/fastq/ERR188/ERR188184/ERR188184_1.fastq.gz	ftp://ftp.sra.ebi.ac.uk/vol1/fastq/ERR188/ERR188184/ERR188184_2.fastq.gz	NA	NA	GRCh38_GencodeRelease44Comprehensive	U	STAR
NA19150_SteadyStateRNAseq	GEUVADIS	LCL	NuclearFractionation	SteadyStateRNAseq	NA	ILLUMINA	ftp://ftp.sra.ebi.ac.uk/vol1/fastq/ERR188/ERR188093/ERR188093_1.fastq.gz	ftp://ftp.sra.ebi.ac.uk/vol1/fastq/ERR188/ERR188093/ERR188093_2.fastq.gz	NA	NA	GRCh38_GencodeRelease44Comprehensive	U	STAR
NA19152_SteadyStateRNAseq	GEUVADIS	LCL	NuclearFractionation	SteadyStateRNAseq	NA	ILLUMINA	ftp://ftp.sra.ebi.ac.uk/vol1/fastq/ERR188/ERR188225/ERR188225_1.fastq.gz	ftp://ftp.sra.ebi.ac.uk/vol1/fastq/ERR188/ERR188225/ERR188225_2.fastq.gz	NA	NA	GRCh38_GencodeRelease44Comprehensive	U	STAR
NA19153_SteadyStateRNAseq	GEUVADIS	LCL	NuclearFractionation	SteadyStateRNAseq	NA	ILLUMINA	ftp://ftp.sra.ebi.ac.uk/vol1/fastq/ERR188/ERR188460/ERR188460_1.fastq.gz	ftp://ftp.sra.ebi.ac.uk/vol1/fastq/ERR188/ERR188460/ERR188460_2.fastq.gz	NA	NA	GRCh38_GencodeRelease44Comprehensive	U	STAR
NA19160_SteadyStateRNAseq	GEUVADIS	LCL	NuclearFractionation	SteadyStateRNAseq	NA	ILLUMINA	ftp://ftp.sra.ebi.ac.uk/vol1/fastq/ERR188/ERR188232/ERR188232_1.fastq.gz	ftp://ftp.sra.ebi.ac.uk/vol1/fastq/ERR188/ERR188232/ERR188232_2.fastq.gz	NA	NA	GRCh38_GencodeRelease44Comprehensive	U	STAR
NA19171_SteadyStateRNAseq	GEUVADIS	LCL	NuclearFractionation	SteadyStateRNAseq	NA	ILLUMINA	ftp://ftp.sra.ebi.ac.uk/vol1/fastq/ERR188/ERR188055/ERR188055_1.fastq.gz	ftp://ftp.sra.ebi.ac.uk/vol1/fastq/ERR188/ERR188055/ERR188055_2.fastq.gz	NA	NA	GRCh38_GencodeRelease44Comprehensive	U	STAR
NA19184_SteadyStateRNAseq	GEUVADIS	LCL	NuclearFractionation	SteadyStateRNAseq	NA	ILLUMINA	ftp://ftp.sra.ebi.ac.uk/vol1/fastq/ERR188/ERR188103/ERR188103_1.fastq.gz	ftp://ftp.sra.ebi.ac.uk/vol1/fastq/ERR188/ERR188103/ERR188103_2.fastq.gz	NA	NA	GRCh38_GencodeRelease44Comprehensive	U	STAR
NA19190_SteadyStateRNAseq	GEUVADIS	LCL	NuclearFractionation	SteadyStateRNAseq	NA	ILLUMINA	ftp://ftp.sra.ebi.ac.uk/vol1/fastq/ERR188/ERR188322/ERR188322_1.fastq.gz	ftp://ftp.sra.ebi.ac.uk/vol1/fastq/ERR188/ERR188322/ERR188322_2.fastq.gz	NA	NA	GRCh38_GencodeRelease44Comprehensive	U	STAR
NA19198_SteadyStateRNAseq	GEUVADIS	LCL	NuclearFractionation	SteadyStateRNAseq	NA	ILLUMINA	ftp://ftp.sra.ebi.ac.uk/vol1/fastq/ERR188/ERR188174/ERR188174_1.fastq.gz	ftp://ftp.sra.ebi.ac.uk/vol1/fastq/ERR188/ERR188174/ERR188174_2.fastq.gz	NA	NA	GRCh38_GencodeRelease44Comprehensive	U	STAR
NA19200_SteadyStateRNAseq	GEUVADIS	LCL	NuclearFractionation	SteadyStateRNAseq	NA	ILLUMINA	ftp://ftp.sra.ebi.ac.uk/vol1/fastq/ERR188/ERR188440/ERR188440_1.fastq.gz	ftp://ftp.sra.ebi.ac.uk/vol1/fastq/ERR188/ERR188440/ERR188440_2.fastq.gz	NA	NA	GRCh38_GencodeRelease44Comprehensive	U	STAR
NA19201_SteadyStateRNAseq	GEUVADIS	LCL	NuclearFractionation	SteadyStateRNAseq	NA	ILLUMINA	ftp://ftp.sra.ebi.ac.uk/vol1/fastq/ERR188/ERR188275/ERR188275_1.fastq.gz	ftp://ftp.sra.ebi.ac.uk/vol1/fastq/ERR188/ERR188275/ERR188275_2.fastq.gz	NA	NA	GRCh38_GencodeRelease44Comprehensive	U	STAR
NA19206_SteadyStateRNAseq	GEUVADIS	LCL	NuclearFractionation	SteadyStateRNAseq	NA	ILLUMINA	ftp://ftp.sra.ebi.ac.uk/vol1/fastq/ERR188/ERR188363/ERR188363_1.fastq.gz	ftp://ftp.sra.ebi.ac.uk/vol1/fastq/ERR188/ERR188363/ERR188363_2.fastq.gz	NA	NA	GRCh38_GencodeRelease44Comprehensive	U	STAR
NA19207_SteadyStateRNAseq	GEUVADIS	LCL	NuclearFractionation	SteadyStateRNAseq	NA	ILLUMINA	ftp://ftp.sra.ebi.ac.uk/vol1/fastq/ERR188/ERR188454/ERR188454_1.fastq.gz	ftp://ftp.sra.ebi.ac.uk/vol1/fastq/ERR188/ERR188454/ERR188454_2.fastq.gz	NA	NA	GRCh38_GencodeRelease44Comprehensive	U	STAR
NA19209_SteadyStateRNAseq	GEUVADIS	LCL	NuclearFractionation	SteadyStateRNAseq	NA	ILLUMINA	ftp://ftp.sra.ebi.ac.uk/vol1/fastq/ERR188/ERR188434/ERR188434_1.fastq.gz	ftp://ftp.sra.ebi.ac.uk/vol1/fastq/ERR188/ERR188434/ERR188434_2.fastq.gz	NA	NA	GRCh38_GencodeRelease44Comprehensive	U	STAR
NA19210_SteadyStateRNAseq	GEUVADIS	LCL	NuclearFractionation	SteadyStateRNAseq	NA	ILLUMINA	ftp://ftp.sra.ebi.ac.uk/vol1/fastq/ERR188/ERR188392/ERR188392_1.fastq.gz	ftp://ftp.sra.ebi.ac.uk/vol1/fastq/ERR188/ERR188392/ERR188392_2.fastq.gz	NA	NA	GRCh38_GencodeRelease44Comprehensive	U	STAR
NA19213_SteadyStateRNAseq	GEUVADIS	LCL	NuclearFractionation	SteadyStateRNAseq	NA	ILLUMINA	ftp://ftp.sra.ebi.ac.uk/vol1/fastq/ERR188/ERR188131/ERR188131_1.fastq.gz	ftp://ftp.sra.ebi.ac.uk/vol1/fastq/ERR188/ERR188131/ERR188131_2.fastq.gz	NA	NA	GRCh38_GencodeRelease44Comprehensive	U	STAR
NA19214_SteadyStateRNAseq	GEUVADIS	LCL	NuclearFractionation	SteadyStateRNAseq	NA	ILLUMINA	ftp://ftp.sra.ebi.ac.uk/vol1/fastq/ERR188/ERR188209/ERR188209_1.fastq.gz	ftp://ftp.sra.ebi.ac.uk/vol1/fastq/ERR188/ERR188209/ERR188209_2.fastq.gz	NA	NA	GRCh38_GencodeRelease44Comprehensive	U	STAR
NA19225_SteadyStateRNAseq	GEUVADIS	LCL	NuclearFractionation	SteadyStateRNAseq	NA	ILLUMINA	ftp://ftp.sra.ebi.ac.uk/vol1/fastq/ERR188/ERR188421/ERR188421_1.fastq.gz	ftp://ftp.sra.ebi.ac.uk/vol1/fastq/ERR188/ERR188421/ERR188421_2.fastq.gz	NA	NA	GRCh38_GencodeRelease44Comprehensive	U	STAR
NA19236_SteadyStateRNAseq	GEUVADIS	LCL	NuclearFractionation	SteadyStateRNAseq	NA	ILLUMINA	ftp://ftp.sra.ebi.ac.uk/vol1/fastq/ERR188/ERR188037/ERR188037_1.fastq.gz	ftp://ftp.sra.ebi.ac.uk/vol1/fastq/ERR188/ERR188037/ERR188037_2.fastq.gz	NA	NA	GRCh38_GencodeRelease44Comprehensive	U	STAR
NA19247_SteadyStateRNAseq	GEUVADIS	LCL	NuclearFractionation	SteadyStateRNAseq	NA	ILLUMINA	ftp://ftp.sra.ebi.ac.uk/vol1/fastq/ERR188/ERR188463/ERR188463_1.fastq.gz	ftp://ftp.sra.ebi.ac.uk/vol1/fastq/ERR188/ERR188463/ERR188463_2.fastq.gz	NA	NA	GRCh38_GencodeRelease44Comprehensive	U	STAR
NA19257_SteadyStateRNAseq	GEUVADIS	LCL	NuclearFractionation	SteadyStateRNAseq	NA	ILLUMINA	ftp://ftp.sra.ebi.ac.uk/vol1/fastq/ERR188/ERR188074/ERR188074_1.fastq.gz	ftp://ftp.sra.ebi.ac.uk/vol1/fastq/ERR188/ERR188074/ERR188074_2.fastq.gz	NA	NA	GRCh38_GencodeRelease44Comprehensive	U	STAR
UnpubFractionation_jurkat_cyt_0h_1	UnpublishedFractionation	Jurkat	NuclearFractionation	jurkat_cyt_0h_1	NA	ILLUMINA	NA	NA	/project2/yangili1/bjf79/Fastq/20250605_nuclearRNA/YL-SF-21s-A01_S1_L005_R1_001.fastq.gz	/project2/yangili1/bjf79/Fastq/20250605_nuclearRNA/YL-SF-21s-A01_S1_L005_R2_001.fastq.gz	GRCh38_GencodeRelease44Comprehensive	U	STAR
UnpubFractionation_jurkat_cyt_0h_2	UnpublishedFractionation	Jurkat	NuclearFractionation	jurkat_cyt_0h_2	NA	ILLUMINA	NA	NA	/project2/yangili1/bjf79/Fastq/20250605_nuclearRNA/YL-SF-21s-A02_S2_L005_R1_001.fastq.gz	/project2/yangili1/bjf79/Fastq/20250605_nuclearRNA/YL-SF-21s-A02_S2_L005_R2_001.fastq.gz	GRCh38_GencodeRelease44Comprehensive	U	STAR
UnpubFractionation_jurkat_cyt_0h_3	UnpublishedFractionation	Jurkat	NuclearFractionation	jurkat_cyt_0h_3	NA	ILLUMINA	NA	NA	/project2/yangili1/bjf79/Fastq/20250605_nuclearRNA/YL-SF-21s-A03_S3_L005_R1_001.fastq.gz	/project2/yangili1/bjf79/Fastq/20250605_nuclearRNA/YL-SF-21s-A03_S3_L005_R2_001.fastq.gz	GRCh38_GencodeRelease44Comprehensive	U	STAR
UnpubFractionation_jurkat_nuc_0h_1	UnpublishedFractionation	Jurkat	NuclearFractionation	jurkat_nuc_0h_1	NA	ILLUMINA	NA	NA	/project2/yangili1/bjf79/Fastq/20250605_nuclearRNA/YL-SF-21s-A04_S4_L005_R1_001.fastq.gz	/project2/yangili1/bjf79/Fastq/20250605_nuclearRNA/YL-SF-21s-A04_S4_L005_R2_001.fastq.gz	GRCh38_GencodeRelease44Comprehensive	U	STAR
UnpubFractionation_jurkat_nuc_0h_2	UnpublishedFractionation	Jurkat	NuclearFractionation	jurkat_nuc_0h_2	NA	ILLUMINA	NA	NA	/project2/yangili1/bjf79/Fastq/20250605_nuclearRNA/YL-SF-21s-A05_S5_L005_R1_001.fastq.gz	/project2/yangili1/bjf79/Fastq/20250605_nuclearRNA/YL-SF-21s-A05_S5_L005_R2_001.fastq.gz	GRCh38_GencodeRelease44Comprehensive	U	STAR
UnpubFractionation_jurkat_nuc_0h_3	UnpublishedFractionation	Jurkat	NuclearFractionation	jurkat_nuc_0h_3	NA	ILLUMINA	NA	NA	/project2/yangili1/bjf79/Fastq/20250605_nuclearRNA/YL-SF-21s-A06_S6_L005_R1_001.fastq.gz	/project2/yangili1/bjf79/Fastq/20250605_nuclearRNA/YL-SF-21s-A06_S6_L005_R2_001.fastq.gz	GRCh38_GencodeRelease44Comprehensive	U	STAR
UnpubFractionation_jurkat_nuc_0h_4	UnpublishedFractionation	Jurkat	NuclearFractionation	jurkat_nuc_0h_4	NA	ILLUMINA	NA	NA	/project2/yangili1/bjf79/Fastq/20250605_nuclearRNA/YL-SF-21s-A07_S7_L005_R1_001.fastq.gz	/project2/yangili1/bjf79/Fastq/20250605_nuclearRNA/YL-SF-21s-A07_S7_L005_R2_001.fastq.gz	GRCh38_GencodeRelease44Comprehensive	U	STAR
UnpubFractionation_LCL_12878_Cyt	UnpublishedFractionation	LCL	NuclearFractionation	LCL_12878_Cyt	NA	ILLUMINA	NA	NA	/project2/yangili1/bjf79/Fastq/20250605_nuclearRNA/YL-SF-32s-pl1-L-3C_S15_L006_R1_001.fastq.gz	/project2/yangili1/bjf79/Fastq/20250605_nuclearRNA/YL-SF-32s-pl1-L-3C_S15_L006_R2_001.fastq.gz	GRCh38_GencodeRelease44Comprehensive	U	STAR
UnpubFractionation_LCL_12878_Nuc	UnpublishedFractionation	LCL	NuclearFractionation	LCL_12878_Nuc	NA	ILLUMINA	NA	NA	/project2/yangili1/bjf79/Fastq/20250605_nuclearRNA/YL-SF-32s-pl1-L-3N_S16_L006_R1_001.fastq.gz	/project2/yangili1/bjf79/Fastq/20250605_nuclearRNA/YL-SF-32s-pl1-L-3N_S16_L006_R2_001.fastq.gz	GRCh38_GencodeRelease44Comprehensive	U	STAR
UnpubFractionation_LCL_18504_Cyt	UnpublishedFractionation	LCL	NuclearFractionation	LCL_18504_Cyt	NA	ILLUMINA	NA	NA	/project2/yangili1/bjf79/Fastq/20250605_nuclearRNA/YL-SF-32s-pl1-L-1C_S11_L006_R1_001.fastq.gz	/project2/yangili1/bjf79/Fastq/20250605_nuclearRNA/YL-SF-32s-pl1-L-1C_S11_L006_R2_001.fastq.gz	GRCh38_GencodeRelease44Comprehensive	U	STAR
UnpubFractionation_LCL_18504_Nuc	UnpublishedFractionation	LCL	NuclearFractionation	LCL_18504_Nuc	NA	ILLUMINA	NA	NA	/project2/yangili1/bjf79/Fastq/20250605_nuclearRNA/YL-SF-32s-pl1-L-1N_S12_L006_R1_001.fastq.gz	/project2/yangili1/bjf79/Fastq/20250605_nuclearRNA/YL-SF-32s-pl1-L-1N_S12_L006_R2_001.fastq.gz	GRCh38_GencodeRelease44Comprehensive	U	STAR
UnpubFractionation_LCL_18507_Cyt	UnpublishedFractionation	LCL	NuclearFractionation	LCL_18507_Cyt	NA	ILLUMINA	NA	NA	/project2/yangili1/bjf79/Fastq/20250605_nuclearRNA/YL-SF-32s-pl1-L-2C_S13_L006_R1_001.fastq.gz	/project2/yangili1/bjf79/Fastq/20250605_nuclearRNA/YL-SF-32s-pl1-L-2C_S13_L006_R2_001.fastq.gz	GRCh38_GencodeRelease44Comprehensive	U	STAR
UnpubFractionation_LCL_18507_Nuc	UnpublishedFractionation	LCL	NuclearFractionation	LCL_18507_Nuc	NA	ILLUMINA	NA	NA	/project2/yangili1/bjf79/Fastq/20250605_nuclearRNA/YL-SF-32s-pl1-L-2N_S14_L006_R1_001.fastq.gz	/project2/yangili1/bjf79/Fastq/20250605_nuclearRNA/YL-SF-32s-pl1-L-2N_S14_L006_R2_001.fastq.gz	GRCh38_GencodeRelease44Comprehensive	U	STAR
UnpubFractionation_SH_SY5Y_5_Cyt	UnpublishedFractionation	SH-SY5Y	NuclearFractionation	SH_SY5Y_5_Cyt	NA	ILLUMINA	NA	NA	/project2/yangili1/bjf79/Fastq/20250605_nuclearRNA/YL-SF-32s-pl2-SH-5C_S11_L007_R1_001.fastq.gz	/project2/yangili1/bjf79/Fastq/20250605_nuclearRNA/YL-SF-32s-pl2-SH-5C_S11_L007_R2_001.fastq.gz	GRCh38_GencodeRelease44Comprehensive	U	STAR
UnpubFractionation_SH_SY5Y_5_Nuc	UnpublishedFractionation	SH-SY5Y	NuclearFractionation	SH_SY5Y_5_Nuc	NA	ILLUMINA	NA	NA	/project2/yangili1/bjf79/Fastq/20250605_nuclearRNA/YL-SF-32s-pl2-SH-5N_S12_L007_R1_001.fastq.gz	/project2/yangili1/bjf79/Fastq/20250605_nuclearRNA/YL-SF-32s-pl2-SH-5N_S12_L007_R2_001.fastq.gz	GRCh38_GencodeRelease44Comprehensive	U	STAR
UnpubFractionation_SH_SY5Y_6_Cyt	UnpublishedFractionation	SH-SY5Y	NuclearFractionation	SH_SY5Y_6_Cyt	NA	ILLUMINA	NA	NA	/project2/yangili1/bjf79/Fastq/20250605_nuclearRNA/YL-SF-32s-pl2-SH-6C_S13_L007_R1_001.fastq.gz	/project2/yangili1/bjf79/Fastq/20250605_nuclearRNA/YL-SF-32s-pl2-SH-6C_S13_L007_R2_001.fastq.gz	GRCh38_GencodeRelease44Comprehensive	U	STAR
UnpubFractionation_SH_SY5Y_6_Nuc	UnpublishedFractionation	SH-SY5Y	NuclearFractionation	SH_SY5Y_6_Nuc	NA	ILLUMINA	NA	NA	/project2/yangili1/bjf79/Fastq/20250605_nuclearRNA/YL-SF-32s-pl2-SH-6N_S14_L007_R1_001.fastq.gz	/project2/yangili1/bjf79/Fastq/20250605_nuclearRNA/YL-SF-32s-pl2-SH-6N_S14_L007_R2_001.fastq.gz	GRCh38_GencodeRelease44Comprehensive	U	STAR
UnpubFractionation_SH_SY5Y_7_Cyt	UnpublishedFractionation	SH-SY5Y	NuclearFractionation	SH_SY5Y_7_Cyt	NA	ILLUMINA	NA	NA	/project2/yangili1/bjf79/Fastq/20250605_nuclearRNA/YL-SF-32s-pl2-SH-7C_S15_L007_R1_001.fastq.gz	/project2/yangili1/bjf79/Fastq/20250605_nuclearRNA/YL-SF-32s-pl2-SH-7C_S15_L007_R2_001.fastq.gz	GRCh38_GencodeRelease44Comprehensive	U	STAR
UnpubFractionation_SH_SY5Y_7_Nuc	UnpublishedFractionation	SH-SY5Y	NuclearFractionation	SH_SY5Y_7_Nuc	NA	ILLUMINA	NA	NA	/project2/yangili1/bjf79/Fastq/20250605_nuclearRNA/YL-SF-32s-pl2-SH-7N_S16_L007_R1_001.fastq.gz	/project2/yangili1/bjf79/Fastq/20250605_nuclearRNA/YL-SF-32s-pl2-SH-7N_S16_L007_R2_001.fastq.gz	GRCh38_GencodeRelease44Comprehensive	U	STAR
SRR2044111	Floor	HEK293T	TranslationProfiling	80S_rep1	SRR2044111	ILLUMINA	NA	NA	NA	NA	GRCh38_GencodeRelease44Comprehensive	U	STAR
SRR2044120	Floor	HEK293T	TranslationProfiling	80S_rep2	SRR2044120	ILLUMINA	NA	NA	NA	NA	GRCh38_GencodeRelease44Comprehensive	U	STAR
SRR2044110	Floor	HEK293T	TranslationProfiling	cyto_rep1	SRR2044110	ILLUMINA	NA	NA	NA	NA	GRCh38_GencodeRelease44Comprehensive	U	STAR
SRR2044119	Floor	HEK293T	TranslationProfiling	cyto_rep2	SRR2044119	ILLUMINA	NA	NA	NA	NA	GRCh38_GencodeRelease44Comprehensive	U	STAR
SRR2044112	Floor	HEK293T	TranslationProfiling	poly2_rep1	SRR2044112	ILLUMINA	NA	NA	NA	NA	GRCh38_GencodeRelease44Comprehensive	U	STAR
SRR2044121	Floor	HEK293T	TranslationProfiling	poly2_rep2	SRR2044121	ILLUMINA	NA	NA	NA	NA	GRCh38_GencodeRelease44Comprehensive	U	STAR
SRR2044113	Floor	HEK293T	TranslationProfiling	poly3_rep1	SRR2044113	ILLUMINA	NA	NA	NA	NA	GRCh38_GencodeRelease44Comprehensive	U	STAR
SRR2044122	Floor	HEK293T	TranslationProfiling	poly3_rep2	SRR2044122	ILLUMINA	NA	NA	NA	NA	GRCh38_GencodeRelease44Comprehensive	U	STAR
SRR2044114	Floor	HEK293T	TranslationProfiling	poly4_rep1	SRR2044114	ILLUMINA	NA	NA	NA	NA	GRCh38_GencodeRelease44Comprehensive	U	STAR
SRR2044123	Floor	HEK293T	TranslationProfiling	poly4_rep2	SRR2044123	ILLUMINA	NA	NA	NA	NA	GRCh38_GencodeRelease44Comprehensive	U	STAR
SRR2044115	Floor	HEK293T	TranslationProfiling	poly5_rep1	SRR2044115	ILLUMINA	NA	NA	NA	NA	GRCh38_GencodeRelease44Comprehensive	U	STAR
SRR2044124	Floor	HEK293T	TranslationProfiling	poly5_rep2	SRR2044124	ILLUMINA	NA	NA	NA	NA	GRCh38_GencodeRelease44Comprehensive	U	STAR
SRR2044116	Floor	HEK293T	TranslationProfiling	poly6_rep1	SRR2044116	ILLUMINA	NA	NA	NA	NA	GRCh38_GencodeRelease44Comprehensive	U	STAR
SRR2044125	Floor	HEK293T	TranslationProfiling	poly6_rep2	SRR2044125	ILLUMINA	NA	NA	NA	NA	GRCh38_GencodeRelease44Comprehensive	U	STAR
SRR2044117	Floor	HEK293T	TranslationProfiling	poly7_rep1	SRR2044117	ILLUMINA	NA	NA	NA	NA	GRCh38_GencodeRelease44Comprehensive	U	STAR
SRR2044126	Floor	HEK293T	TranslationProfiling	poly7_rep2	SRR2044126	ILLUMINA	NA	NA	NA	NA	GRCh38_GencodeRelease44Comprehensive	U	STAR
SRR2044118	Floor	HEK293T	TranslationProfiling	poly8_rep1	SRR2044118	ILLUMINA	NA	NA	NA	NA	GRCh38_GencodeRelease44Comprehensive	U	STAR
SRR2044127	Floor	HEK293T	TranslationProfiling	poly8_rep2	SRR2044127	ILLUMINA	NA	NA	NA	NA	GRCh38_GencodeRelease44Comprehensive	U	STAR
SRR26282929	Ritter	embryonic stem cell (ESC)	TranslationProfiling	cytosol	SRR26282929	OXFORD_NANOPORE	NA	NA	NA	NA	GRCh38_GencodeRelease44Comprehensive	U	minimap2
SRR26282930	Ritter	embryonic stem cell (ESC)	TranslationProfiling	cytosol	SRR26282930	OXFORD_NANOPORE	NA	NA	NA	NA	GRCh38_GencodeRelease44Comprehensive	U	minimap2
SRR26282952	Ritter	embryonic stem cell (ESC)	TranslationProfiling	cytosol	SRR26282952	ILLUMINA	NA	NA	NA	NA	GRCh38_GencodeRelease44Comprehensive	U	STAR
SRR26282953	Ritter	embryonic stem cell (ESC)	TranslationProfiling	cytosol	SRR26282953	ILLUMINA	NA	NA	NA	NA	GRCh38_GencodeRelease44Comprehensive	U	STAR
SRR26282954	Ritter	embryonic stem cell (ESC)	TranslationProfiling	cytosol	SRR26282954	ILLUMINA	NA	NA	NA	NA	GRCh38_GencodeRelease44Comprehensive	U	STAR
SRR26282925	Ritter	embryonic stem cell (ESC)	TranslationProfiling	heavy polyribosome (5+ ribosomes)	SRR26282925	OXFORD_NANOPORE	NA	NA	NA	NA	GRCh38_GencodeRelease44Comprehensive	U	minimap2
SRR26282926	Ritter	embryonic stem cell (ESC)	TranslationProfiling	heavy polyribosome (5+ ribosomes)	SRR26282926	OXFORD_NANOPORE	NA	NA	NA	NA	GRCh38_GencodeRelease44Comprehensive	U	minimap2
SRR26282946	Ritter	embryonic stem cell (ESC)	TranslationProfiling	heavy polyribosome (5+ ribosomes)	SRR26282946	ILLUMINA	NA	NA	NA	NA	GRCh38_GencodeRelease44Comprehensive	U	STAR
SRR26282947	Ritter	embryonic stem cell (ESC)	TranslationProfiling	heavy polyribosome (5+ ribosomes)	SRR26282947	ILLUMINA	NA	NA	NA	NA	GRCh38_GencodeRelease44Comprehensive	U	STAR
SRR26282948	Ritter	embryonic stem cell (ESC)	TranslationProfiling	heavy polyribosome (5+ ribosomes)	SRR26282948	ILLUMINA	NA	NA	NA	NA	GRCh38_GencodeRelease44Comprehensive	U	STAR
SRR26282923	Ritter	embryonic stem cell (ESC)	TranslationProfiling	light polyribosome (2-4 ribosomes)	SRR26282923	OXFORD_NANOPORE	NA	NA	NA	NA	GRCh38_GencodeRelease44Comprehensive	U	minimap2
SRR26282924	Ritter	embryonic stem cell (ESC)	TranslationProfiling	light polyribosome (2-4 ribosomes)	SRR26282924	OXFORD_NANOPORE	NA	NA	NA	NA	GRCh38_GencodeRelease44Comprehensive	U	minimap2
SRR26282943	Ritter	embryonic stem cell (ESC)	TranslationProfiling	light polyribosome (2-4 ribosomes)	SRR26282943	ILLUMINA	NA	NA	NA	NA	GRCh38_GencodeRelease44Comprehensive	U	STAR
SRR26282944	Ritter	embryonic stem cell (ESC)	TranslationProfiling	light polyribosome (2-4 ribosomes)	SRR26282944	ILLUMINA	NA	NA	NA	NA	GRCh38_GencodeRelease44Comprehensive	U	STAR
SRR26282945	Ritter	embryonic stem cell (ESC)	TranslationProfiling	light polyribosome (2-4 ribosomes)	SRR26282945	ILLUMINA	NA	NA	NA	NA	GRCh38_GencodeRelease44Comprehensive	U	STAR
SRR26282927	Ritter	embryonic stem cell (ESC)	TranslationProfiling	monosome	SRR26282927	OXFORD_NANOPORE	NA	NA	NA	NA	GRCh38_GencodeRelease44Comprehensive	U	minimap2
SRR26282928	Ritter	embryonic stem cell (ESC)	TranslationProfiling	monosome	SRR26282928	OXFORD_NANOPORE	NA	NA	NA	NA	GRCh38_GencodeRelease44Comprehensive	U	minimap2
SRR26282949	Ritter	embryonic stem cell (ESC)	TranslationProfiling	monosome	SRR26282949	ILLUMINA	NA	NA	NA	NA	GRCh38_GencodeRelease44Comprehensive	U	STAR
SRR26282950	Ritter	embryonic stem cell (ESC)	TranslationProfiling	monosome	SRR26282950	ILLUMINA	NA	NA	NA	NA	GRCh38_GencodeRelease44Comprehensive	U	STAR
SRR26282951	Ritter	embryonic stem cell (ESC)	TranslationProfiling	monosome	SRR26282951	ILLUMINA	NA	NA	NA	NA	GRCh38_GencodeRelease44Comprehensive	U	STAR
SRR26282921	Ritter	neural progenitor cell (NPC)	TranslationProfiling	cytosol	SRR26282921	OXFORD_NANOPORE	NA	NA	NA	NA	GRCh38_GencodeRelease44Comprehensive	U	minimap2
SRR26282922	Ritter	neural progenitor cell (NPC)	TranslationProfiling	cytosol	SRR26282922	OXFORD_NANOPORE	NA	NA	NA	NA	GRCh38_GencodeRelease44Comprehensive	U	minimap2
SRR26282940	Ritter	neural progenitor cell (NPC)	TranslationProfiling	cytosol	SRR26282940	ILLUMINA	NA	NA	NA	NA	GRCh38_GencodeRelease44Comprehensive	U	STAR
SRR26282941	Ritter	neural progenitor cell (NPC)	TranslationProfiling	cytosol	SRR26282941	ILLUMINA	NA	NA	NA	NA	GRCh38_GencodeRelease44Comprehensive	U	STAR
SRR26282942	Ritter	neural progenitor cell (NPC)	TranslationProfiling	cytosol	SRR26282942	ILLUMINA	NA	NA	NA	NA	GRCh38_GencodeRelease44Comprehensive	U	STAR
SRR26282917	Ritter	neural progenitor cell (NPC)	TranslationProfiling	heavy polyribosome (5+ ribosomes)	SRR26282917	OXFORD_NANOPORE	NA	NA	NA	NA	GRCh38_GencodeRelease44Comprehensive	U	minimap2
SRR26282918	Ritter	neural progenitor cell (NPC)	TranslationProfiling	heavy polyribosome (5+ ribosomes)	SRR26282918	OXFORD_NANOPORE	NA	NA	NA	NA	GRCh38_GencodeRelease44Comprehensive	U	minimap2
SRR26282934	Ritter	neural progenitor cell (NPC)	TranslationProfiling	heavy polyribosome (5+ ribosomes)	SRR26282934	ILLUMINA	NA	NA	NA	NA	GRCh38_GencodeRelease44Comprehensive	U	STAR
SRR26282935	Ritter	neural progenitor cell (NPC)	TranslationProfiling	heavy polyribosome (5+ ribosomes)	SRR26282935	ILLUMINA	NA	NA	NA	NA	GRCh38_GencodeRelease44Comprehensive	U	STAR
SRR26282936	Ritter	neural progenitor cell (NPC)	TranslationProfiling	heavy polyribosome (5+ ribosomes)	SRR26282936	ILLUMINA	NA	NA	NA	NA	GRCh38_GencodeRelease44Comprehensive	U	STAR
SRR26282915	Ritter	neural progenitor cell (NPC)	TranslationProfiling	light polyribosome (2-4 ribosomes)	SRR26282915	OXFORD_NANOPORE	NA	NA	NA	NA	GRCh38_GencodeRelease44Comprehensive	U	minimap2
SRR26282916	Ritter	neural progenitor cell (NPC)	TranslationProfiling	light polyribosome (2-4 ribosomes)	SRR26282916	OXFORD_NANOPORE	NA	NA	NA	NA	GRCh38_GencodeRelease44Comprehensive	U	minimap2
SRR26282931	Ritter	neural progenitor cell (NPC)	TranslationProfiling	light polyribosome (2-4 ribosomes)	SRR26282931	ILLUMINA	NA	NA	NA	NA	GRCh38_GencodeRelease44Comprehensive	U	STAR
SRR26282932	Ritter	neural progenitor cell (NPC)	TranslationProfiling	light polyribosome (2-4 ribosomes)	SRR26282932	ILLUMINA	NA	NA	NA	NA	GRCh38_GencodeRelease44Comprehensive	U	STAR
SRR26282933	Ritter	neural progenitor cell (NPC)	TranslationProfiling	light polyribosome (2-4 ribosomes)	SRR26282933	ILLUMINA	NA	NA	NA	NA	GRCh38_GencodeRelease44Comprehensive	U	STAR
SRR26282919	Ritter	neural progenitor cell (NPC)	TranslationProfiling	monosome	SRR26282919	OXFORD_NANOPORE	NA	NA	NA	NA	GRCh38_GencodeRelease44Comprehensive	U	minimap2
SRR26282920	Ritter	neural progenitor cell (NPC)	TranslationProfiling	monosome	SRR26282920	OXFORD_NANOPORE	NA	NA	NA	NA	GRCh38_GencodeRelease44Comprehensive	U	minimap2
SRR26282937	Ritter	neural progenitor cell (NPC)	TranslationProfiling	monosome	SRR26282937	ILLUMINA	NA	NA	NA	NA	GRCh38_GencodeRelease44Comprehensive	U	STAR
SRR26282938	Ritter	neural progenitor cell (NPC)	TranslationProfiling	monosome	SRR26282938	ILLUMINA	NA	NA	NA	NA	GRCh38_GencodeRelease44Comprehensive	U	STAR
SRR26282939	Ritter	neural progenitor cell (NPC)	TranslationProfiling	monosome	SRR26282939	ILLUMINA	NA	NA	NA	NA	GRCh38_GencodeRelease44Comprehensive	U	STAR
SRR786387	Sterne-Weiler	HEK293T	TranslationProfiling	Cytoplasm DMSO 1	SRR786387	ILLUMINA	NA	NA	NA	NA	GRCh38_GencodeRelease44Comprehensive	U	STAR
SRR786391	Sterne-Weiler	HEK293T	TranslationProfiling	Cytoplasm DMSO 2	SRR786391	ILLUMINA	NA	NA	NA	NA	GRCh38_GencodeRelease44Comprehensive	U	STAR
SRR786388	Sterne-Weiler	HEK293T	TranslationProfiling	Polyribosome DMSO 1	SRR786388	ILLUMINA	NA	NA	NA	NA	GRCh38_GencodeRelease44Comprehensive	U	STAR
SRR786392	Sterne-Weiler	HEK293T	TranslationProfiling	Polyribosome DMSO 2	SRR786392	ILLUMINA	NA	NA	NA	NA	GRCh38_GencodeRelease44Comprehensive	U	STAR
UnpubPolysomeProfiling_7	UnpublishedPolysomeProfiling	LCL	TranslationProfiling	S3_Free	NA	ILLUMINA	NA	NA	/project2/yangili1/bjf79/Fastq/20250605_PilotPolysomeProfilingSarah/YL-SF-32s-pl1-7-A_S8_L006_R1_001.fastq.gz	/project2/yangili1/bjf79/Fastq/20250605_PilotPolysomeProfilingSarah/YL-SF-32s-pl1-7-A_S8_L006_R2_001.fastq.gz	GRCh38_GencodeRelease44Comprehensive	U	STAR
UnpubPolysomeProfiling_10	UnpublishedPolysomeProfiling	LCL	TranslationProfiling	S3_HeavyPolysome	NA	ILLUMINA	NA	NA	/project2/yangili1/bjf79/Fastq/20250605_PilotPolysomeProfilingSarah/YL-SF-32s-pl1-10-A_S1_L006_R1_001.fastq.gz	/project2/yangili1/bjf79/Fastq/20250605_PilotPolysomeProfilingSarah/YL-SF-32s-pl1-10-A_S1_L006_R2_001.fastq.gz	GRCh38_GencodeRelease44Comprehensive	U	STAR
UnpubPolysomeProfiling_15	UnpublishedPolysomeProfiling	LCL	TranslationProfiling	S3_HeavyPolysomeFalconTubeHighYield	NA	ILLUMINA	NA	NA	/project2/yangili1/bjf79/Fastq/20250605_PilotPolysomeProfilingSarah/YL-SF-32s-pl1-15-A_S6_L006_R1_001.fastq.gz	/project2/yangili1/bjf79/Fastq/20250605_PilotPolysomeProfilingSarah/YL-SF-32s-pl1-15-A_S6_L006_R2_001.fastq.gz	GRCh38_GencodeRelease44Comprehensive	U	STAR
UnpubPolysomeProfiling_9	UnpublishedPolysomeProfiling	LCL	TranslationProfiling	S3_LightPolysome	NA	ILLUMINA	NA	NA	/project2/yangili1/bjf79/Fastq/20250605_PilotPolysomeProfilingSarah/YL-SF-32s-pl1-9-A_S10_L006_R1_001.fastq.gz	/project2/yangili1/bjf79/Fastq/20250605_PilotPolysomeProfilingSarah/YL-SF-32s-pl1-9-A_S10_L006_R2_001.fastq.gz	GRCh38_GencodeRelease44Comprehensive	U	STAR
UnpubPolysomeProfiling_8	UnpublishedPolysomeProfiling	LCL	TranslationProfiling	S3_Monosome	NA	ILLUMINA	NA	NA	/project2/yangili1/bjf79/Fastq/20250605_PilotPolysomeProfilingSarah/YL-SF-32s-pl1-8-A_S9_L006_R1_001.fastq.gz	/project2/yangili1/bjf79/Fastq/20250605_PilotPolysomeProfilingSarah/YL-SF-32s-pl1-8-A_S9_L006_R2_001.fastq.gz	GRCh38_GencodeRelease44Comprehensive	U	STAR
UnpubPolysomeProfiling_16	UnpublishedPolysomeProfiling	LCL	TranslationProfiling	S3_MonosomeFalconTubeHighYield	NA	ILLUMINA	NA	NA	/project2/yangili1/bjf79/Fastq/20250605_PilotPolysomeProfilingSarah/YL-SF-32s-pl1-16-A_S7_L006_R1_001.fastq.gz	/project2/yangili1/bjf79/Fastq/20250605_PilotPolysomeProfilingSarah/YL-SF-32s-pl1-16-A_S7_L006_R2_001.fastq.gz	GRCh38_GencodeRelease44Comprehensive	U	STAR
UnpubPolysomeProfiling_11	UnpublishedPolysomeProfiling	LCL	TranslationProfiling	S4_Free	NA	ILLUMINA	NA	NA	/project2/yangili1/bjf79/Fastq/20250605_PilotPolysomeProfilingSarah/YL-SF-32s-pl1-11-A_S2_L006_R1_001.fastq.gz	/project2/yangili1/bjf79/Fastq/20250605_PilotPolysomeProfilingSarah/YL-SF-32s-pl1-11-A_S2_L006_R2_001.fastq.gz	GRCh38_GencodeRelease44Comprehensive	U	STAR
UnpubPolysomeProfiling_14	UnpublishedPolysomeProfiling	LCL	TranslationProfiling	S4_HeavyPolysome	NA	ILLUMINA	NA	NA	/project2/yangili1/bjf79/Fastq/20250605_PilotPolysomeProfilingSarah/YL-SF-32s-pl1-14-A_S5_L006_R1_001.fastq.gz	/project2/yangili1/bjf79/Fastq/20250605_PilotPolysomeProfilingSarah/YL-SF-32s-pl1-14-A_S5_L006_R2_001.fastq.gz	GRCh38_GencodeRelease44Comprehensive	U	STAR
UnpubPolysomeProfiling_13	UnpublishedPolysomeProfiling	LCL	TranslationProfiling	S4_LightPolysome	NA	ILLUMINA	NA	NA	/project2/yangili1/bjf79/Fastq/20250605_PilotPolysomeProfilingSarah/YL-SF-32s-pl1-13-A_S4_L006_R1_001.fastq.gz	/project2/yangili1/bjf79/Fastq/20250605_PilotPolysomeProfilingSarah/YL-SF-32s-pl1-13-A_S4_L006_R2_001.fastq.gz	GRCh38_GencodeRelease44Comprehensive	U	STAR
UnpubPolysomeProfiling_12	UnpublishedPolysomeProfiling	LCL	TranslationProfiling	S4_Monosome	NA	ILLUMINA	NA	NA	/project2/yangili1/bjf79/Fastq/20250605_PilotPolysomeProfilingSarah/YL-SF-32s-pl1-12-A_S3_L006_R1_001.fastq.gz	/project2/yangili1/bjf79/Fastq/20250605_PilotPolysomeProfilingSarah/YL-SF-32s-pl1-12-A_S3_L006_R2_001.fastq.gz	GRCh38_GencodeRelease44Comprehensive	U	STAR
